grid_id,cx,cy,max_rank,max_depth_cm,flood_ratio,exposure,priority
G02949,126.932498,37.399016,5.0,150.0,1.0,2.0,2.0
G03839,126.948329,37.409827,4.0,100.0,1.0,1.8,1.8
G03913,126.94946,37.410728,4.0,100.0,1.0,1.8,1.8
G03621,126.94946,37.407125,4.0,100.0,1.0,1.8,1.8
G02904,126.964161,37.398116,4.0,100.0,1.0,1.8,1.8
G03778,126.961899,37.408926,4.0,100.0,1.0,1.8,1.8
G02878,126.93476,37.398116,4.0,100.0,1.0,1.8,1.8
G03767,126.94946,37.408926,4.0,100.0,1.0,1.8,1.8
G03704,126.960768,37.408025,4.0,100.0,1.0,1.8,1.8
G03668,126.92006,37.408025,4.0,100.0,1.0,1.8,1.8
G03956,126.915536,37.411629,4.0,100.0,1.0,1.8,1.8
G04059,126.94946,37.41253,4.0,100.0,1.0,1.8,1.8
G03250,126.942675,37.40262,4.0,100.0,1.0,1.8,1.8
G03022,126.932498,37.399917,4.0,100.0,1.0,1.8,1.8
G02446,126.941545,37.39271,4.0,100.0,1.0,1.8,1.8
G02948,126.931368,37.399016,4.0,100.0,1.0,1.8,1.8
G03324,126.943806,37.403521,4.0,100.0,1.0,1.8,1.8
G02977,126.964161,37.399016,4.0,100.0,1.0,1.8,1.8
G03986,126.94946,37.411629,4.0,100.0,1.0,1.8,1.8
G03888,126.92119,37.410728,4.0,100.0,0.9716,1.7716,1.7716
G02650,126.924583,37.395413,3.0,60.0,1.0,1.6,1.6
G02208,126.92006,37.390007,3.0,60.0,1.0,1.6,1.6
G02725,126.926844,37.396314,3.0,60.0,1.0,1.6,1.6
G02520,126.942675,37.393611,3.0,60.0,1.0,1.6,1.6
G03705,126.961899,37.408025,3.0,60.0,1.0,1.6,1.6
G03512,126.908752,37.406224,3.0,60.0,1.0,1.6,1.6
G03694,126.94946,37.408025,3.0,60.0,1.0,1.6,1.6
G03204,126.973207,37.401719,3.0,60.0,1.0,1.6,1.6
G03815,126.92119,37.409827,3.0,60.0,1.0,1.6,1.6
G02519,126.941545,37.393611,3.0,60.0,1.0,1.6,1.6
G02740,126.943806,37.396314,3.0,60.0,1.0,1.6,1.6
G04028,126.914406,37.41253,3.0,60.0,1.0,1.6,1.6
G03876,126.907621,37.410728,3.0,60.0,1.0,1.6,1.6
G03877,126.908752,37.410728,3.0,60.0,1.0,1.6,1.6
G03620,126.948329,37.407125,3.0,60.0,1.0,1.6,1.6
G03784,126.968684,37.408926,3.0,60.0,1.0,1.6,1.6
G03840,126.94946,37.409827,3.0,60.0,1.0,1.6,1.6
G03567,126.970945,37.406224,3.0,60.0,1.0,1.6,1.6
G03494,126.970945,37.405323,3.0,60.0,1.0,1.6,1.6
G02153,126.940414,37.389107,3.0,60.0,1.0,1.6,1.6
G02447,126.942675,37.39271,3.0,60.0,1.0,1.6,1.6
G02374,126.942675,37.391809,3.0,60.0,1.0,1.6,1.6
G04396,126.917798,37.417035,3.0,60.0,1.0,1.6,1.6
G03033,126.944937,37.399917,3.0,60.0,1.0,1.6,1.6
G03597,126.922321,37.407125,3.0,60.0,1.0,1.6,1.6
G03452,126.923452,37.405323,3.0,60.0,1.0,1.6,1.6
G03252,126.944937,37.40262,3.0,60.0,1.0,1.6,1.6
G03804,126.908752,37.409827,3.0,60.0,1.0,1.6,1.6
G03021,126.931368,37.399917,3.0,60.0,1.0,1.6,1.6
G02375,126.943806,37.391809,3.0,60.0,1.0,1.6,1.6
G03542,126.942675,37.406224,3.0,60.0,1.0,1.6,1.6
G03323,126.942675,37.403521,3.0,60.0,1.0,1.6,1.6
G03914,126.950591,37.410728,3.0,60.0,0.9935,1.5935,1.5935
G03304,126.92119,37.403521,3.0,60.0,0.9899,1.5899,1.5899
G03806,126.911013,37.409827,3.0,60.0,0.9872,1.5872,1.5872
G03251,126.943806,37.40262,4.0,100.0,0.787,1.587,1.587
G01681,126.901967,37.383701,4.0,100.0,0.7847,1.5847,1.5847
G03470,126.943806,37.405323,3.0,60.0,0.9556,1.5556,1.5556
G03740,126.918929,37.408926,3.0,60.0,0.9299,1.5299,1.5299
G02907,126.967553,37.398116,4.0,100.0,0.7067,1.5067,1.5067
G02739,126.942675,37.396314,3.0,60.0,0.8718,1.4718,1.4718
G02760,126.966422,37.396314,3.0,60.0,0.8702,1.4702,1.4702
G00918,126.947199,37.373791,3.0,60.0,0.8697,1.4697,1.4697
G01349,126.939283,37.379197,4.0,100.0,0.669,1.469,1.469
G02726,126.927975,37.396314,3.0,60.0,0.8669,1.4669,1.4669
G03616,126.943806,37.407125,3.0,60.0,0.8439,1.4439,1.4439
G03548,126.94946,37.406224,3.0,60.0,0.8433,1.4433,1.4433
G02232,126.947199,37.390007,4.0,100.0,0.6374,1.4374,1.4374
G03448,126.918929,37.405323,3.0,60.0,0.8369,1.4369,1.4369
G02518,126.940414,37.393611,3.0,60.0,0.8223,1.4223,1.4223
G03376,126.92006,37.404422,3.0,60.0,0.8168,1.4168,1.4168
G01757,126.905359,37.384602,3.0,60.0,0.8026,1.4026,1.4026
G02894,126.952853,37.398116,2.0,40.0,1.0,1.4,1.4
G02893,126.951722,37.398116,2.0,40.0,1.0,1.4,1.4
G03780,126.964161,37.408926,2.0,40.0,1.0,1.4,1.4
G03185,126.951722,37.401719,2.0,40.0,1.0,1.4,1.4
G02603,126.953983,37.394512,2.0,40.0,1.0,1.4,1.4
G02890,126.948329,37.398116,2.0,40.0,1.0,1.4,1.4
G03566,126.969814,37.406224,2.0,40.0,1.0,1.4,1.4
G02889,126.947199,37.398116,2.0,40.0,1.0,1.4,1.4
G03669,126.92119,37.408025,2.0,40.0,1.0,1.4,1.4
G02591,126.940414,37.394512,2.0,40.0,1.0,1.4,1.4
G02593,126.942675,37.394512,2.0,40.0,1.0,1.4,1.4
G03950,126.908752,37.411629,2.0,40.0,1.0,1.4,1.4
G02535,126.959637,37.393611,2.0,40.0,1.0,1.4,1.4
G02608,126.959637,37.394512,2.0,40.0,1.0,1.4,1.4
G02609,126.960768,37.394512,2.0,40.0,1.0,1.4,1.4
G03670,126.922321,37.408025,2.0,40.0,1.0,1.4,1.4
G03742,126.92119,37.408926,2.0,40.0,1.0,1.4,1.4
G03741,126.92006,37.408926,2.0,40.0,1.0,1.4,1.4
G02162,126.950591,37.389107,2.0,40.0,1.0,1.4,1.4
G03878,126.909883,37.410728,2.0,40.0,1.0,1.4,1.4
G02175,126.965291,37.389107,2.0,40.0,1.0,1.4,1.4
G03805,126.909883,37.409827,2.0,40.0,1.0,1.4,1.4
G02450,126.946068,37.39271,2.0,40.0,1.0,1.4,1.4
G02449,126.944937,37.39271,2.0,40.0,1.0,1.4,1.4
G02325,126.969814,37.390908,2.0,40.0,1.0,1.4,1.4
G03043,126.956245,37.399917,2.0,40.0,1.0,1.4,1.4
G02448,126.943806,37.39271,2.0,40.0,1.0,1.4,1.4
G03041,126.953983,37.399917,2.0,40.0,1.0,1.4,1.4
G03040,126.952853,37.399917,2.0,40.0,1.0,1.4,1.4
G03856,126.967553,37.409827,2.0,40.0,1.0,1.4,1.4
G03854,126.965291,37.409827,2.0,40.0,1.0,1.4,1.4
G03168,126.932498,37.401719,2.0,40.0,1.0,1.4,1.4
G02376,126.944937,37.391809,2.0,40.0,1.0,1.4,1.4
G02377,126.946068,37.391809,2.0,40.0,1.0,1.4,1.4
G02378,126.947199,37.391809,2.0,40.0,1.0,1.4,1.4
G02379,126.948329,37.391809,2.0,40.0,1.0,1.4,1.4
G02380,126.94946,37.391809,2.0,40.0,1.0,1.4,1.4
G02965,126.950591,37.399016,2.0,40.0,1.0,1.4,1.4
G02966,126.951722,37.399016,2.0,40.0,1.0,1.4,1.4
G02398,126.969814,37.391809,2.0,40.0,1.0,1.4,1.4
G02452,126.948329,37.39271,2.0,40.0,1.0,1.4,1.4
G03712,126.969814,37.408025,2.0,40.0,1.0,1.4,1.4
G02309,126.951722,37.390908,2.0,40.0,1.0,1.4,1.4
G02308,126.950591,37.390908,2.0,40.0,1.0,1.4,1.4
G03134,126.976599,37.400818,2.0,40.0,1.0,1.4,1.4
G03131,126.973207,37.400818,2.0,40.0,1.0,1.4,1.4
G02521,126.943806,37.393611,2.0,40.0,1.0,1.4,1.4
G03116,126.956245,37.400818,2.0,40.0,1.0,1.4,1.4
G02234,126.94946,37.390007,2.0,40.0,1.0,1.4,1.4
G02235,126.950591,37.390007,2.0,40.0,1.0,1.4,1.4
G02236,126.951722,37.390007,2.0,40.0,1.0,1.4,1.4
G03094,126.931368,37.400818,2.0,40.0,1.0,1.4,1.4
G03262,126.956245,37.40262,2.0,40.0,1.0,1.4,1.4
G03087,126.923452,37.400818,2.0,40.0,1.0,1.4,1.4
G03785,126.969814,37.408926,2.0,40.0,1.0,1.4,1.4
G03055,126.969814,37.399917,2.0,40.0,1.0,1.4,1.4
G03640,126.970945,37.407125,2.0,40.0,1.0,1.4,1.4
G02304,126.946068,37.390908,2.0,40.0,1.0,1.4,1.4
G02305,126.947199,37.390908,2.0,40.0,1.0,1.4,1.4
G02306,126.948329,37.390908,2.0,40.0,1.0,1.4,1.4
G02307,126.94946,37.390908,2.0,40.0,1.0,1.4,1.4
G03261,126.955114,37.40262,2.0,40.0,1.0,1.4,1.4
G02592,126.941545,37.394512,2.0,40.0,1.0,1.4,1.4
G04105,126.918929,37.413431,2.0,40.0,1.0,1.4,1.4
G01786,126.938152,37.384602,2.0,40.0,1.0,1.4,1.4
G04060,126.950591,37.41253,2.0,40.0,1.0,1.4,1.4
G03493,126.969814,37.405323,2.0,40.0,1.0,1.4,1.4
G02683,126.961899,37.395413,2.0,40.0,1.0,1.4,1.4
G03336,126.957376,37.403521,2.0,40.0,1.0,1.4,1.4
G02753,126.958507,37.396314,2.0,40.0,1.0,1.4,1.4
G02821,126.952853,37.397215,2.0,40.0,1.0,1.4,1.4
G03412,126.960768,37.404422,2.0,40.0,1.0,1.4,1.4
G03343,126.965291,37.403521,2.0,40.0,1.0,1.4,1.4
G02682,126.960768,37.395413,2.0,40.0,1.0,1.4,1.4
G03513,126.909883,37.406224,2.0,40.0,1.0,1.4,1.4
G02681,126.959637,37.395413,2.0,40.0,1.0,1.4,1.4
G03346,126.968684,37.403521,2.0,40.0,1.0,1.4,1.4
G02744,126.948329,37.396314,2.0,40.0,1.0,1.4,1.4
G02743,126.947199,37.396314,2.0,40.0,1.0,1.4,1.4
G01348,126.938152,37.379197,2.0,40.0,1.0,1.4,1.4
G02671,126.948329,37.395413,2.0,40.0,1.0,1.4,1.4
G03713,126.970945,37.408025,2.0,40.0,1.0,1.4,1.4
G02676,126.953983,37.395413,2.0,40.0,1.0,1.4,1.4
G02759,126.965291,37.396314,2.0,40.0,1.0,1.4,1.4
G03525,126.923452,37.406224,2.0,40.0,1.0,1.4,1.4
G03557,126.959637,37.406224,2.0,40.0,1.0,1.4,1.4
G03325,126.944937,37.403521,2.0,40.0,1.0,1.4,1.4
G04029,126.915536,37.41253,2.0,40.0,1.0,1.4,1.4
G03556,126.958507,37.406224,2.0,40.0,1.0,1.4,1.4
G02816,126.947199,37.397215,2.0,40.0,1.0,1.4,1.4
G02826,126.958507,37.397215,2.0,40.0,1.0,1.4,1.4
G04178,126.918929,37.414332,2.0,40.0,1.0,1.4,1.4
G02815,126.946068,37.397215,2.0,40.0,1.0,1.4,1.4
G02340,126.904229,37.391809,3.0,60.0,0.7928,1.3928,1.3928
G02504,126.924583,37.393611,2.0,40.0,0.9908,1.3908,1.3908
G02163,126.951722,37.389107,2.0,40.0,0.988,1.388,1.388
G02654,126.929106,37.395413,2.0,40.0,0.9868,1.3868,1.3868
G01776,126.926844,37.384602,5.0,150.0,0.3858,1.3858,1.3858
G02758,126.964161,37.396314,3.0,60.0,0.7797,1.3797,1.3797
G03629,126.958507,37.407125,2.0,40.0,0.9778,1.3778,1.3778
G03257,126.950591,37.40262,2.0,40.0,0.9755,1.3755,1.3755
G02685,126.964161,37.395413,2.0,40.0,0.9692,1.3692,1.3692
G03949,126.907621,37.411629,2.0,40.0,0.9686,1.3686,1.3686
G02413,126.904229,37.39271,4.0,100.0,0.5596,1.3596,1.3596
G02577,126.924583,37.394512,3.0,60.0,0.7571,1.3571,1.3571
G03449,126.92006,37.405323,3.0,60.0,0.752,1.352,1.352
G03117,126.957376,37.400818,2.0,40.0,0.9487,1.3487,1.3487
G03514,126.911013,37.406224,2.0,40.0,0.9461,1.3461,1.3461
G03241,126.932498,37.40262,2.0,40.0,0.9446,1.3446,1.3446
G04061,126.951722,37.41253,3.0,60.0,0.7443,1.3443,1.3443
G04100,126.913275,37.413431,4.0,100.0,0.5381,1.3381,1.3381
G02209,126.92119,37.390007,3.0,60.0,0.7306,1.3306,1.3306
G03092,126.929106,37.400818,3.0,60.0,0.7298,1.3298,1.3298
G03388,126.933629,37.404422,2.0,40.0,0.9296,1.3296,1.3296
G01756,126.904229,37.384602,3.0,60.0,0.7258,1.3258,1.3258
G03779,126.96303,37.408926,2.0,40.0,0.9153,1.3153,1.3153
G02297,126.938152,37.390908,2.0,40.0,0.9143,1.3143,1.3143
G02247,126.964161,37.390007,2.0,40.0,0.9046,1.3046,1.3046
G01421,126.938152,37.380098,3.0,60.0,0.703,1.303,1.303
G01755,126.903098,37.384602,3.0,60.0,0.702,1.302,1.302
G01703,126.926844,37.383701,4.0,100.0,0.5002,1.3002,1.3002
G03093,126.930237,37.400818,3.0,60.0,0.699,1.299,1.299
G02982,126.969814,37.399016,2.0,40.0,0.8945,1.2945,1.2945
G03738,126.916667,37.408926,4.0,100.0,0.4879,1.2879,1.2879
G02798,126.926844,37.397215,3.0,60.0,0.6845,1.2845,1.2845
G02733,126.935891,37.396314,3.0,60.0,0.6823,1.2823,1.2823
G02566,126.912144,37.394512,3.0,60.0,0.6805,1.2805,1.2805
G03326,126.946068,37.403521,2.0,40.0,0.8795,1.2795,1.2795
G02980,126.967553,37.399016,3.0,60.0,0.6788,1.2788,1.2788
G00919,126.948329,37.373791,2.0,40.0,0.8772,1.2772,1.2772
G03183,126.94946,37.401719,2.0,40.0,0.8767,1.2767,1.2767
G03615,126.942675,37.407125,3.0,60.0,0.6716,1.2716,1.2716
G03263,126.957376,37.40262,2.0,40.0,0.8698,1.2698,1.2698
G02960,126.944937,37.399016,3.0,60.0,0.6655,1.2655,1.2655
G02723,126.924583,37.396314,2.0,40.0,0.8638,1.2638,1.2638
G03231,126.92119,37.40262,3.0,60.0,0.6628,1.2628,1.2628
G03125,126.966422,37.400818,3.0,60.0,0.6536,1.2536,1.2536
G03524,126.922321,37.406224,2.0,40.0,0.8512,1.2512,1.2512
G03329,126.94946,37.403521,2.0,40.0,0.8481,1.2481,1.2481
G04133,126.950591,37.413431,2.0,40.0,0.848,1.248,1.248
G03703,126.959637,37.408025,2.0,40.0,0.84,1.24,1.24
G03339,126.960768,37.403521,2.0,40.0,0.8343,1.2343,1.2343
G03586,126.909883,37.407125,2.0,40.0,0.8299,1.2299,1.2299
G03335,126.956245,37.403521,2.0,40.0,0.8273,1.2273,1.2273
G03322,126.941545,37.403521,3.0,60.0,0.6257,1.2257,1.2257
G04173,126.913275,37.414332,4.0,100.0,0.4215,1.2215,1.2215
G03515,126.912144,37.406224,2.0,40.0,0.8202,1.2202,1.2202
G02326,126.970945,37.390908,2.0,40.0,0.8143,1.2143,1.2143
G01777,126.927975,37.384602,4.0,100.0,0.4125,1.2125,1.2125
G03014,126.923452,37.399917,2.0,40.0,0.8085,1.2085,1.2085
G03786,126.970945,37.408926,1.0,20.0,1.0,1.2,1.2
G02460,126.957376,37.39271,1.0,20.0,1.0,1.2,1.2
G02459,126.956245,37.39271,1.0,20.0,1.0,1.2,1.2
G02462,126.959637,37.39271,1.0,20.0,1.0,1.2,1.2
G02458,126.955114,37.39271,1.0,20.0,1.0,1.2,1.2
G02457,126.953983,37.39271,1.0,20.0,1.0,1.2,1.2
G02461,126.958507,37.39271,1.0,20.0,1.0,1.2,1.2
G03706,126.96303,37.408025,1.0,20.0,1.0,1.2,1.2
G02724,126.925714,37.396314,1.0,20.0,1.0,1.2,1.2
G02456,126.952853,37.39271,1.0,20.0,1.0,1.2,1.2
G03639,126.969814,37.407125,1.0,20.0,1.0,1.2,1.2
G02829,126.961899,37.397215,1.0,20.0,1.0,1.2,1.2
G02455,126.951722,37.39271,1.0,20.0,1.0,1.2,1.2
G02751,126.956245,37.396314,1.0,20.0,1.0,1.2,1.2
G03710,126.967553,37.408025,1.0,20.0,1.0,1.2,1.2
G03709,126.966422,37.408025,1.0,20.0,1.0,1.2,1.2
G02970,126.956245,37.399016,1.0,20.0,1.0,1.2,1.2
G02969,126.955114,37.399016,1.0,20.0,1.0,1.2,1.2
G02968,126.953983,37.399016,1.0,20.0,1.0,1.2,1.2
G02967,126.952853,37.399016,1.0,20.0,1.0,1.2,1.2
G03708,126.965291,37.408025,1.0,20.0,1.0,1.2,1.2
G03638,126.968684,37.407125,1.0,20.0,1.0,1.2,1.2
G02757,126.96303,37.396314,1.0,20.0,1.0,1.2,1.2
G02756,126.961899,37.396314,1.0,20.0,1.0,1.2,1.2
G02755,126.960768,37.396314,1.0,20.0,1.0,1.2,1.2
G02754,126.959637,37.396314,1.0,20.0,1.0,1.2,1.2
G02752,126.957376,37.396314,1.0,20.0,1.0,1.2,1.2
G02950,126.933629,37.399016,1.0,20.0,1.0,1.2,1.2
G02750,126.955114,37.396314,1.0,20.0,1.0,1.2,1.2
G03707,126.964161,37.408025,1.0,20.0,1.0,1.2,1.2
G03788,126.973207,37.408926,1.0,20.0,1.0,1.2,1.2
G02749,126.953983,37.396314,1.0,20.0,1.0,1.2,1.2
G03787,126.972076,37.408926,1.0,20.0,1.0,1.2,1.2
G02748,126.952853,37.396314,1.0,20.0,1.0,1.2,1.2
G03641,126.972076,37.407125,1.0,20.0,1.0,1.2,1.2
G02746,126.950591,37.396314,1.0,20.0,1.0,1.2,1.2
G02745,126.94946,37.396314,1.0,20.0,1.0,1.2,1.2
G02742,126.946068,37.396314,1.0,20.0,1.0,1.2,1.2
G02741,126.944937,37.396314,1.0,20.0,1.0,1.2,1.2
G03714,126.972076,37.408025,1.0,20.0,1.0,1.2,1.2
G02451,126.947199,37.39271,1.0,20.0,1.0,1.2,1.2
G03715,126.973207,37.408025,1.0,20.0,1.0,1.2,1.2
G02453,126.94946,37.39271,1.0,20.0,1.0,1.2,1.2
G02454,126.950591,37.39271,1.0,20.0,1.0,1.2,1.2
G02747,126.951722,37.396314,1.0,20.0,1.0,1.2,1.2
G02680,126.958507,37.395413,1.0,20.0,1.0,1.2,1.2
G02817,126.948329,37.397215,1.0,20.0,1.0,1.2,1.2
G02472,126.970945,37.39271,1.0,20.0,1.0,1.2,1.2
G02594,126.943806,37.394512,1.0,20.0,1.0,1.2,1.2
G02973,126.959637,37.399016,1.0,20.0,1.0,1.2,1.2
G02823,126.955114,37.397215,1.0,20.0,1.0,1.2,1.2
G02822,126.953983,37.397215,1.0,20.0,1.0,1.2,1.2
G02820,126.951722,37.397215,1.0,20.0,1.0,1.2,1.2
G02819,126.950591,37.397215,1.0,20.0,1.0,1.2,1.2
G02665,126.941545,37.395413,1.0,20.0,1.0,1.2,1.2
G02666,126.942675,37.395413,1.0,20.0,1.0,1.2,1.2
G02891,126.94946,37.398116,1.0,20.0,1.0,1.2,1.2
G02892,126.950591,37.398116,1.0,20.0,1.0,1.2,1.2
G02667,126.943806,37.395413,1.0,20.0,1.0,1.2,1.2
G02668,126.944937,37.395413,1.0,20.0,1.0,1.2,1.2
G02539,126.964161,37.393611,1.0,20.0,1.0,1.2,1.2
G02669,126.946068,37.395413,1.0,20.0,1.0,1.2,1.2
G02537,126.961899,37.393611,1.0,20.0,1.0,1.2,1.2
G02595,126.944937,37.394512,1.0,20.0,1.0,1.2,1.2
G02596,126.946068,37.394512,1.0,20.0,1.0,1.2,1.2
G02597,126.947199,37.394512,1.0,20.0,1.0,1.2,1.2
G02607,126.958507,37.394512,1.0,20.0,1.0,1.2,1.2
G02827,126.959637,37.397215,1.0,20.0,1.0,1.2,1.2
G02612,126.964161,37.394512,1.0,20.0,1.0,1.2,1.2
G02611,126.96303,37.394512,1.0,20.0,1.0,1.2,1.2
G02610,126.961899,37.394512,1.0,20.0,1.0,1.2,1.2
G02825,126.957376,37.397215,1.0,20.0,1.0,1.2,1.2
G02824,126.956245,37.397215,1.0,20.0,1.0,1.2,1.2
G02606,126.957376,37.394512,1.0,20.0,1.0,1.2,1.2
G02598,126.948329,37.394512,1.0,20.0,1.0,1.2,1.2
G02605,126.956245,37.394512,1.0,20.0,1.0,1.2,1.2
G02604,126.955114,37.394512,1.0,20.0,1.0,1.2,1.2
G02602,126.952853,37.394512,1.0,20.0,1.0,1.2,1.2
G02601,126.951722,37.394512,1.0,20.0,1.0,1.2,1.2
G02600,126.950591,37.394512,1.0,20.0,1.0,1.2,1.2
G02599,126.94946,37.394512,1.0,20.0,1.0,1.2,1.2
G02536,126.960768,37.393611,1.0,20.0,1.0,1.2,1.2
G02534,126.958507,37.393611,1.0,20.0,1.0,1.2,1.2
G02533,126.957376,37.393611,1.0,20.0,1.0,1.2,1.2
G03783,126.967553,37.408926,1.0,20.0,1.0,1.2,1.2
G02895,126.953983,37.398116,1.0,20.0,1.0,1.2,1.2
G02896,126.955114,37.398116,1.0,20.0,1.0,1.2,1.2
G03781,126.965291,37.408926,1.0,20.0,1.0,1.2,1.2
G02897,126.956245,37.398116,1.0,20.0,1.0,1.2,1.2
G03782,126.966422,37.408926,1.0,20.0,1.0,1.2,1.2
G02898,126.957376,37.398116,1.0,20.0,1.0,1.2,1.2
G02899,126.958507,37.398116,1.0,20.0,1.0,1.2,1.2
G02679,126.957376,37.395413,1.0,20.0,1.0,1.2,1.2
G02900,126.959637,37.398116,1.0,20.0,1.0,1.2,1.2
G02901,126.960768,37.398116,1.0,20.0,1.0,1.2,1.2
G02902,126.961899,37.398116,1.0,20.0,1.0,1.2,1.2
G02684,126.96303,37.395413,1.0,20.0,1.0,1.2,1.2
G02818,126.94946,37.397215,1.0,20.0,1.0,1.2,1.2
G02473,126.972076,37.39271,1.0,20.0,1.0,1.2,1.2
G02828,126.960768,37.397215,1.0,20.0,1.0,1.2,1.2
G02678,126.956245,37.395413,1.0,20.0,1.0,1.2,1.2
G02532,126.956245,37.393611,1.0,20.0,1.0,1.2,1.2
G02526,126.94946,37.393611,1.0,20.0,1.0,1.2,1.2
G02531,126.955114,37.393611,1.0,20.0,1.0,1.2,1.2
G02530,126.953983,37.393611,1.0,20.0,1.0,1.2,1.2
G02529,126.952853,37.393611,1.0,20.0,1.0,1.2,1.2
G02528,126.951722,37.393611,1.0,20.0,1.0,1.2,1.2
G02527,126.950591,37.393611,1.0,20.0,1.0,1.2,1.2
G02672,126.94946,37.395413,1.0,20.0,1.0,1.2,1.2
G02673,126.950591,37.395413,1.0,20.0,1.0,1.2,1.2
G02677,126.955114,37.395413,1.0,20.0,1.0,1.2,1.2
G02525,126.948329,37.393611,1.0,20.0,1.0,1.2,1.2
G02524,126.947199,37.393611,1.0,20.0,1.0,1.2,1.2
G02674,126.951722,37.395413,1.0,20.0,1.0,1.2,1.2
G02523,126.946068,37.393611,1.0,20.0,1.0,1.2,1.2
G02675,126.952853,37.395413,1.0,20.0,1.0,1.2,1.2
G02522,126.944937,37.393611,1.0,20.0,1.0,1.2,1.2
G02670,126.947199,37.395413,1.0,20.0,1.0,1.2,1.2
G02317,126.960768,37.390908,1.0,20.0,1.0,1.2,1.2
G02974,126.960768,37.399016,1.0,20.0,1.0,1.2,1.2
G02078,126.938152,37.388206,1.0,20.0,1.0,1.2,1.2
G02095,126.957376,37.388206,1.0,20.0,1.0,1.2,1.2
G02094,126.956245,37.388206,1.0,20.0,1.0,1.2,1.2
G02093,126.955114,37.388206,1.0,20.0,1.0,1.2,1.2
G02092,126.953983,37.388206,1.0,20.0,1.0,1.2,1.2
G02091,126.952853,37.388206,1.0,20.0,1.0,1.2,1.2
G03561,126.964161,37.406224,1.0,20.0,1.0,1.2,1.2
G03560,126.96303,37.406224,1.0,20.0,1.0,1.2,1.2
G03559,126.961899,37.406224,1.0,20.0,1.0,1.2,1.2
G03558,126.960768,37.406224,1.0,20.0,1.0,1.2,1.2
G02070,126.929106,37.388206,1.0,20.0,1.0,1.2,1.2
G03253,126.946068,37.40262,1.0,20.0,1.0,1.2,1.2
G02021,126.956245,37.387305,1.0,20.0,1.0,1.2,1.2
G02020,126.955114,37.387305,1.0,20.0,1.0,1.2,1.2
G02019,126.953983,37.387305,1.0,20.0,1.0,1.2,1.2
G03987,126.950591,37.411629,1.0,20.0,1.0,1.2,1.2
G04004,126.969814,37.411629,1.0,20.0,1.0,1.2,1.2
G03562,126.965291,37.406224,1.0,20.0,1.0,1.2,1.2
G03563,126.966422,37.406224,1.0,20.0,1.0,1.2,1.2
G03564,126.967553,37.406224,1.0,20.0,1.0,1.2,1.2
G03565,126.968684,37.406224,1.0,20.0,1.0,1.2,1.2
G02170,126.959637,37.389107,1.0,20.0,1.0,1.2,1.2
G02169,126.958507,37.389107,1.0,20.0,1.0,1.2,1.2
G02168,126.957376,37.389107,1.0,20.0,1.0,1.2,1.2
G02167,126.956245,37.389107,1.0,20.0,1.0,1.2,1.2
G02166,126.955114,37.389107,1.0,20.0,1.0,1.2,1.2
G02165,126.953983,37.389107,1.0,20.0,1.0,1.2,1.2
G02164,126.952853,37.389107,1.0,20.0,1.0,1.2,1.2
G03186,126.952853,37.401719,1.0,20.0,1.0,1.2,1.2
G02152,126.939283,37.389107,1.0,20.0,1.0,1.2,1.2
G02151,126.938152,37.389107,1.0,20.0,1.0,1.2,1.2
G03187,126.953983,37.401719,1.0,20.0,1.0,1.2,1.2
G03930,126.968684,37.410728,1.0,20.0,1.0,1.2,1.2
G03931,126.969814,37.410728,1.0,20.0,1.0,1.2,1.2
G03932,126.970945,37.410728,1.0,20.0,1.0,1.2,1.2
G03933,126.972076,37.410728,1.0,20.0,1.0,1.2,1.2
G04005,126.970945,37.411629,1.0,20.0,1.0,1.2,1.2
G03301,126.917798,37.403521,1.0,20.0,1.0,1.2,1.2
G03133,126.975468,37.400818,1.0,20.0,1.0,1.2,1.2
G03484,126.959637,37.405323,1.0,20.0,1.0,1.2,1.2
G03417,126.966422,37.404422,1.0,20.0,1.0,1.2,1.2
G03418,126.967553,37.404422,1.0,20.0,1.0,1.2,1.2
G03419,126.968684,37.404422,1.0,20.0,1.0,1.2,1.2
G03420,126.969814,37.404422,1.0,20.0,1.0,1.2,1.2
G03446,126.916667,37.405323,1.0,20.0,1.0,1.2,1.2
G03447,126.917798,37.405323,1.0,20.0,1.0,1.2,1.2
G03483,126.958507,37.405323,1.0,20.0,1.0,1.2,1.2
G03485,126.960768,37.405323,1.0,20.0,1.0,1.2,1.2
G03302,126.918929,37.403521,1.0,20.0,1.0,1.2,1.2
G03486,126.961899,37.405323,1.0,20.0,1.0,1.2,1.2
G03487,126.96303,37.405323,1.0,20.0,1.0,1.2,1.2
G03488,126.964161,37.405323,1.0,20.0,1.0,1.2,1.2
G03489,126.965291,37.405323,1.0,20.0,1.0,1.2,1.2
G03490,126.966422,37.405323,1.0,20.0,1.0,1.2,1.2
G03491,126.967553,37.405323,1.0,20.0,1.0,1.2,1.2
G03492,126.968684,37.405323,1.0,20.0,1.0,1.2,1.2
G03416,126.965291,37.404422,1.0,20.0,1.0,1.2,1.2
G03415,126.964161,37.404422,1.0,20.0,1.0,1.2,1.2
G03414,126.96303,37.404422,1.0,20.0,1.0,1.2,1.2
G04177,126.917798,37.414332,1.0,20.0,1.0,1.2,1.2
G03337,126.958507,37.403521,1.0,20.0,1.0,1.2,1.2
G04103,126.916667,37.413431,1.0,20.0,1.0,1.2,1.2
G04104,126.917798,37.413431,1.0,20.0,1.0,1.2,1.2
G03340,126.961899,37.403521,1.0,20.0,1.0,1.2,1.2
G03341,126.96303,37.403521,1.0,20.0,1.0,1.2,1.2
G03342,126.964161,37.403521,1.0,20.0,1.0,1.2,1.2
G03344,126.966422,37.403521,1.0,20.0,1.0,1.2,1.2
G03345,126.967553,37.403521,1.0,20.0,1.0,1.2,1.2
G03374,126.917798,37.404422,1.0,20.0,1.0,1.2,1.2
G03375,126.918929,37.404422,1.0,20.0,1.0,1.2,1.2
G03409,126.957376,37.404422,1.0,20.0,1.0,1.2,1.2
G03410,126.958507,37.404422,1.0,20.0,1.0,1.2,1.2
G03411,126.959637,37.404422,1.0,20.0,1.0,1.2,1.2
G03413,126.961899,37.404422,1.0,20.0,1.0,1.2,1.2
G04176,126.916667,37.414332,1.0,20.0,1.0,1.2,1.2
G02171,126.960768,37.389107,1.0,20.0,1.0,1.2,1.2
G02096,126.958507,37.388206,1.0,20.0,1.0,1.2,1.2
G03132,126.974338,37.400818,1.0,20.0,1.0,1.2,1.2
G03630,126.959637,37.407125,1.0,20.0,1.0,1.2,1.2
G02310,126.952853,37.390908,1.0,20.0,1.0,1.2,1.2
G02311,126.953983,37.390908,1.0,20.0,1.0,1.2,1.2
G02312,126.955114,37.390908,1.0,20.0,1.0,1.2,1.2
G02313,126.956245,37.390908,1.0,20.0,1.0,1.2,1.2
G02314,126.957376,37.390908,1.0,20.0,1.0,1.2,1.2
G02315,126.958507,37.390908,1.0,20.0,1.0,1.2,1.2
G02316,126.959637,37.390908,1.0,20.0,1.0,1.2,1.2
G03860,126.972076,37.409827,1.0,20.0,1.0,1.2,1.2
G03632,126.961899,37.407125,1.0,20.0,1.0,1.2,1.2
G03859,126.970945,37.409827,1.0,20.0,1.0,1.2,1.2
G03858,126.969814,37.409827,1.0,20.0,1.0,1.2,1.2
G03042,126.955114,37.399917,1.0,20.0,1.0,1.2,1.2
G03857,126.968684,37.409827,1.0,20.0,1.0,1.2,1.2
G03633,126.96303,37.407125,1.0,20.0,1.0,1.2,1.2
G03634,126.964161,37.407125,1.0,20.0,1.0,1.2,1.2
G03635,126.965291,37.407125,1.0,20.0,1.0,1.2,1.2
G03636,126.966422,37.407125,1.0,20.0,1.0,1.2,1.2
G03855,126.966422,37.409827,1.0,20.0,1.0,1.2,1.2
G03637,126.967553,37.407125,1.0,20.0,1.0,1.2,1.2
G02381,126.950591,37.391809,1.0,20.0,1.0,1.2,1.2
G02382,126.951722,37.391809,1.0,20.0,1.0,1.2,1.2
G02383,126.952853,37.391809,1.0,20.0,1.0,1.2,1.2
G02384,126.953983,37.391809,1.0,20.0,1.0,1.2,1.2
G02385,126.955114,37.391809,1.0,20.0,1.0,1.2,1.2
G02386,126.956245,37.391809,1.0,20.0,1.0,1.2,1.2
G02387,126.957376,37.391809,1.0,20.0,1.0,1.2,1.2
G02388,126.958507,37.391809,1.0,20.0,1.0,1.2,1.2
G02389,126.959637,37.391809,1.0,20.0,1.0,1.2,1.2
G02390,126.960768,37.391809,1.0,20.0,1.0,1.2,1.2
G03631,126.960768,37.407125,1.0,20.0,1.0,1.2,1.2
G03711,126.968684,37.408025,1.0,20.0,1.0,1.2,1.2
G02241,126.957376,37.390007,1.0,20.0,1.0,1.2,1.2
G02237,126.952853,37.390007,1.0,20.0,1.0,1.2,1.2
G02243,126.959637,37.390007,1.0,20.0,1.0,1.2,1.2
G02242,126.958507,37.390007,1.0,20.0,1.0,1.2,1.2
G02240,126.956245,37.390007,1.0,20.0,1.0,1.2,1.2
G02238,126.953983,37.390007,1.0,20.0,1.0,1.2,1.2
G02239,126.955114,37.390007,1.0,20.0,1.0,1.2,1.2
G02224,126.938152,37.390007,1.0,20.0,1.0,1.2,1.2
G02244,126.960768,37.390007,1.0,20.0,1.0,1.2,1.2
G03184,126.950591,37.401719,2.0,40.0,0.7967,1.1967,1.1967
G02248,126.965291,37.390007,2.0,40.0,0.7952,1.1952,1.1952
G02545,126.970945,37.393611,2.0,40.0,0.7947,1.1947,1.1947
G02978,126.965291,37.399016,4.0,100.0,0.3908,1.1908,1.1908
G02080,126.940414,37.388206,2.0,40.0,0.789,1.189,1.189
G03421,126.970945,37.404422,1.0,20.0,0.9878,1.1878,1.1878
G03439,126.908752,37.405323,2.0,40.0,0.7866,1.1866,1.1866
G02964,126.94946,37.399016,2.0,40.0,0.7855,1.1855,1.1855
G03044,126.957376,37.399917,2.0,40.0,0.7781,1.1781,1.1781
G03095,126.932498,37.400818,1.0,20.0,0.9732,1.1732,1.1732
G03338,126.959637,37.403521,1.0,20.0,0.9717,1.1717,1.1717
G00992,126.948329,37.374692,3.0,60.0,0.5708,1.1708,1.1708
G03517,126.914406,37.406224,1.0,20.0,0.9698,1.1698,1.1698
G02814,126.944937,37.397215,2.0,40.0,0.7682,1.1682,1.1682
G01634,126.931368,37.3828,2.0,40.0,0.768,1.168,1.168
G03442,126.912144,37.405323,2.0,40.0,0.7675,1.1675,1.1675
G01420,126.937022,37.380098,2.0,40.0,0.7669,1.1669,1.1669
G03106,126.944937,37.400818,2.0,40.0,0.7595,1.1595,1.1595
G04245,126.912144,37.415233,3.0,60.0,0.556,1.156,1.156
G02074,126.933629,37.388206,3.0,60.0,0.5546,1.1546,1.1546
G03519,126.916667,37.406224,1.0,20.0,0.9516,1.1516,1.1516
G03179,126.944937,37.401719,1.0,20.0,0.9482,1.1482,1.1482
G03260,126.953983,37.40262,1.0,20.0,0.9449,1.1449,1.1449
G03521,126.918929,37.406224,3.0,60.0,0.5407,1.1407,1.1407
G03766,126.948329,37.408926,4.0,100.0,0.3399,1.1399,1.1399
G03875,126.90649,37.410728,2.0,40.0,0.7392,1.1392,1.1392
G03593,126.917798,37.407125,3.0,60.0,0.5372,1.1372,1.1372
G03303,126.92006,37.403521,2.0,40.0,0.737,1.137,1.137
G02463,126.960768,37.39271,1.0,20.0,0.9307,1.1307,1.1307
G02727,126.929106,37.396314,3.0,60.0,0.5291,1.1291,1.1291
G02942,126.924583,37.399016,2.0,40.0,0.7261,1.1261,1.1261
G02590,126.939283,37.394512,3.0,60.0,0.526,1.126,1.126
G02069,126.927975,37.388206,1.0,20.0,0.9256,1.1256,1.1256
G03743,126.922321,37.408926,2.0,40.0,0.7248,1.1248,1.1248
G02804,126.933629,37.397215,3.0,60.0,0.5186,1.1186,1.1186
G02442,126.937022,37.39271,2.0,40.0,0.7183,1.1183,1.1183
G02399,126.970945,37.391809,2.0,40.0,0.7147,1.1147,1.1147
G02272,126.909883,37.390908,4.0,100.0,0.3142,1.1142,1.1142
G02373,126.941545,37.391809,2.0,40.0,0.7132,1.1132,1.1132
G02797,126.925714,37.397215,2.0,40.0,0.7106,1.1106,1.1106
G03961,126.92119,37.411629,4.0,100.0,0.31,1.11,1.11
G03205,126.974338,37.401719,1.0,20.0,0.9091,1.1091,1.1091
G04172,126.912144,37.414332,4.0,100.0,0.3087,1.1087,1.1087
G01949,126.957376,37.386404,1.0,20.0,0.9084,1.1084,1.1084
G03052,126.966422,37.399917,3.0,60.0,0.5081,1.1081,1.1081
G03495,126.972076,37.405323,3.0,60.0,0.5041,1.1041,1.1041
G02282,126.92119,37.390908,4.0,100.0,0.3038,1.1038,1.1038
G02870,126.925714,37.398116,3.0,60.0,0.5016,1.1016,1.1016
G04030,126.916667,37.41253,1.0,20.0,0.8982,1.0982,1.0982
G02441,126.935891,37.39271,2.0,40.0,0.6955,1.0955,1.0955
G03373,126.916667,37.404422,1.0,20.0,0.8894,1.0894,1.0894
G04132,126.94946,37.413431,3.0,60.0,0.4876,1.0876,1.0876
G03054,126.968684,37.399917,2.0,40.0,0.687,1.087,1.087
G03666,126.917798,37.408025,3.0,60.0,0.4851,1.0851,1.0851
G02245,126.961899,37.390007,1.0,20.0,0.8842,1.0842,1.0842
G02538,126.96303,37.393611,1.0,20.0,0.884,1.084,1.084
G02174,126.964161,37.389107,1.0,20.0,0.8788,1.0788,1.0788
G03128,126.969814,37.400818,2.0,40.0,0.6766,1.0766,1.0766
G01780,126.931368,37.384602,2.0,40.0,0.6763,1.0763,1.0763
G01608,126.901967,37.3828,4.0,100.0,0.2716,1.0716,1.0716
G02509,126.930237,37.393611,3.0,60.0,0.4714,1.0714,1.0714
G03883,126.915536,37.410728,4.0,100.0,0.2713,1.0713,1.0713
G03402,126.94946,37.404422,2.0,40.0,0.6692,1.0692,1.0692
G03482,126.957376,37.405323,1.0,20.0,0.8692,1.0692,1.0692
G03086,126.922321,37.400818,1.0,20.0,0.8675,1.0675,1.0675
G01758,126.90649,37.384602,3.0,60.0,0.463,1.063,1.063
G03445,126.915536,37.405323,1.0,20.0,0.8608,1.0608,1.0608
G02491,126.909883,37.393611,3.0,60.0,0.4591,1.0591,1.0591
G02734,126.937022,37.396314,2.0,40.0,0.6566,1.0566,1.0566
G03522,126.92006,37.406224,3.0,60.0,0.4506,1.0506,1.0506
G02664,126.940414,37.395413,3.0,60.0,0.4499,1.0499,1.0499
G02943,126.925714,37.399016,3.0,60.0,0.4491,1.0491,1.0491
G03268,126.96303,37.40262,1.0,20.0,0.8464,1.0464,1.0464
G02692,126.972076,37.395413,2.0,40.0,0.6444,1.0444,1.0444
G02417,126.908752,37.39271,3.0,60.0,0.4438,1.0438,1.0438
G03596,126.92119,37.407125,4.0,100.0,0.2433,1.0433,1.0433
G04175,126.915536,37.414332,3.0,60.0,0.435,1.035,1.035
G02358,126.924583,37.391809,2.0,40.0,0.6336,1.0336,1.0336
G04470,126.918929,37.417935,3.0,60.0,0.4332,1.0332,1.0332
G03584,126.907621,37.407125,4.0,100.0,0.2331,1.0331,1.0331
G03256,126.94946,37.40262,2.0,40.0,0.6313,1.0313,1.0313
G03543,126.943806,37.406224,3.0,60.0,0.426,1.026,1.026
G02470,126.968684,37.39271,2.0,40.0,0.6239,1.0239,1.0239
G03115,126.955114,37.400818,1.0,20.0,0.8146,1.0146,1.0146
G02075,126.93476,37.388206,2.0,40.0,0.6139,1.0139,1.0139
G03203,126.972076,37.401719,3.0,60.0,0.4121,1.0121,1.0121
G04101,126.914406,37.413431,3.0,60.0,0.4114,1.0114,1.0114
G03516,126.913275,37.406224,1.0,20.0,0.8098,1.0098,1.0098
G01487,126.930237,37.380998,2.0,40.0,0.6087,1.0087,1.0087
G03912,126.948329,37.410728,4.0,100.0,0.2085,1.0085,1.0085
G03242,126.933629,37.40262,1.0,20.0,0.8036,1.0036,1.0036
G02903,126.96303,37.398116,4.0,100.0,0.2006,1.0006,1.0006
G03511,126.907621,37.406224,3.0,60.0,0.4005,1.0005,1.0005
G03165,126.929106,37.401719,3.0,60.0,0.3992,0.9992,0.9992
G03443,126.913275,37.405323,2.0,40.0,0.5912,0.9912,0.9912
G00844,126.946068,37.37289,4.0,100.0,0.1905,0.9905,0.9905
G03702,126.958507,37.408025,2.0,40.0,0.587,0.987,0.987
G02652,126.926844,37.395413,3.0,60.0,0.3837,0.9837,0.9837
G03120,126.960768,37.400818,2.0,40.0,0.5816,0.9816,0.9816
G03047,126.960768,37.399917,2.0,40.0,0.5812,0.9812,0.9812
G02806,126.935891,37.397215,3.0,60.0,0.3802,0.9802,0.9802
G02728,126.930237,37.396314,3.0,60.0,0.3763,0.9763,0.9763
G03258,126.951722,37.40262,1.0,20.0,0.7753,0.9753,0.9753
G03020,126.930237,37.399917,2.0,40.0,0.574,0.974,0.974
G04318,126.912144,37.416134,3.0,60.0,0.3722,0.9722,0.9722
G02302,126.943806,37.390908,1.0,20.0,0.7702,0.9702,0.9702
G03441,126.911013,37.405323,2.0,40.0,0.5674,0.9674,0.9674
G03061,126.976599,37.399917,1.0,20.0,0.765,0.965,0.965
G01779,126.930237,37.384602,2.0,40.0,0.5643,0.9643,0.9643
G00845,126.947199,37.37289,2.0,40.0,0.5634,0.9634,0.9634
G02905,126.965291,37.398116,4.0,100.0,0.162,0.962,0.962
G02879,126.935891,37.398116,2.0,40.0,0.561,0.961,0.961
G02296,126.937022,37.390908,2.0,40.0,0.5562,0.9562,0.9562
G03518,126.915536,37.406224,1.0,20.0,0.7561,0.9561,0.9561
G02830,126.96303,37.397215,1.0,20.0,0.7536,0.9536,0.9536
G03015,126.924583,37.399917,2.0,40.0,0.5516,0.9516,0.9516
G02253,126.970945,37.390007,1.0,20.0,0.75,0.95,0.95
G02147,126.933629,37.389107,2.0,40.0,0.5475,0.9475,0.9475
G02807,126.937022,37.397215,1.0,20.0,0.7455,0.9455,0.9455
G03585,126.908752,37.407125,2.0,40.0,0.5443,0.9443,0.9443
G03841,126.950591,37.409827,2.0,40.0,0.542,0.942,0.942
G03254,126.947199,37.40262,2.0,40.0,0.5386,0.9386,0.9386
G02225,126.939283,37.390007,1.0,20.0,0.7365,0.9365,0.9365
G03269,126.964161,37.40262,1.0,20.0,0.7356,0.9356,0.9356
G01276,126.939283,37.378296,4.0,100.0,0.1356,0.9356,0.9356
G03729,126.90649,37.408926,2.0,40.0,0.5348,0.9348,0.9348
G03453,126.924583,37.405323,1.0,20.0,0.7319,0.9319,0.9319
G02418,126.909883,37.39271,2.0,40.0,0.5297,0.9297,0.9297
G02303,126.944937,37.390908,2.0,40.0,0.5291,0.9291,0.9291
G01704,126.927975,37.383701,2.0,40.0,0.5289,0.9289,0.9289
G03811,126.916667,37.409827,4.0,100.0,0.128,0.928,0.928
G04244,126.911013,37.415233,4.0,100.0,0.1265,0.9265,0.9265
G03180,126.946068,37.401719,1.0,20.0,0.7252,0.9252,0.9252
G02805,126.93476,37.397215,2.0,40.0,0.5251,0.9251,0.9251
G03619,126.947199,37.407125,1.0,20.0,0.7239,0.9239,0.9239
G02582,126.930237,37.394512,2.0,40.0,0.5213,0.9213,0.9213
G03259,126.952853,37.40262,1.0,20.0,0.7174,0.9174,0.9174
G01414,126.930237,37.380098,3.0,60.0,0.3172,0.9172,0.9172
G03541,126.941545,37.406224,3.0,60.0,0.3165,0.9165,0.9165
G02862,126.916667,37.398116,3.0,60.0,0.3158,0.9158,0.9158
G02357,126.923452,37.391809,3.0,60.0,0.3156,0.9156,0.9156
G02421,126.913275,37.39271,2.0,40.0,0.5148,0.9148,0.9148
G03110,126.94946,37.400818,2.0,40.0,0.5135,0.9135,0.9135
G02640,126.913275,37.395413,3.0,60.0,0.3119,0.9119,0.9119
G03595,126.92006,37.407125,4.0,100.0,0.1109,0.9109,0.9109
G02348,126.913275,37.391809,2.0,40.0,0.5087,0.9087,0.9087
G02344,126.908752,37.391809,1.0,20.0,0.7083,0.9083,0.9083
G02018,126.952853,37.387305,1.0,20.0,0.705,0.905,0.905
G02553,126.979992,37.393611,3.0,60.0,0.2984,0.8984,0.8984
G02655,126.930237,37.395413,1.0,20.0,0.6954,0.8954,0.8954
G04250,126.917798,37.415233,1.0,20.0,0.6931,0.8931,0.8931
G02975,126.961899,37.399016,1.0,20.0,0.6923,0.8923,0.8923
G03523,126.92119,37.406224,4.0,100.0,0.0921,0.8921,0.8921
G03109,126.948329,37.400818,1.0,20.0,0.6921,0.8921,0.8921
G02641,126.914406,37.395413,3.0,60.0,0.292,0.892,0.892
G03475,126.94946,37.405323,2.0,40.0,0.4918,0.8918,0.8918
G02223,126.937022,37.390007,2.0,40.0,0.4918,0.8918,0.8918
G02345,126.909883,37.391809,3.0,60.0,0.2913,0.8913,0.8913
G03408,126.956245,37.404422,1.0,20.0,0.6859,0.8859,0.8859
G04152,126.972076,37.413431,1.0,20.0,0.6856,0.8856,0.8856
G03039,126.951722,37.399917,2.0,40.0,0.4848,0.8848,0.8848
G03887,126.92006,37.410728,1.0,20.0,0.6837,0.8837,0.8837
G01927,126.932498,37.386404,2.0,40.0,0.4807,0.8807,0.8807
G03164,126.927975,37.401719,2.0,40.0,0.4758,0.8758,0.8758
G03315,126.933629,37.403521,1.0,20.0,0.6707,0.8707,0.8707
G02492,126.911013,37.393611,3.0,60.0,0.269,0.869,0.869
G00917,126.946068,37.373791,3.0,60.0,0.2671,0.8671,0.8671
G02480,126.979992,37.39271,3.0,60.0,0.2653,0.8653,0.8653
G02732,126.93476,37.396314,3.0,60.0,0.2638,0.8638,0.8638
G02431,126.924583,37.39271,2.0,40.0,0.4625,0.8625,0.8625
G02077,126.937022,37.388206,1.0,20.0,0.6624,0.8624,0.8624
G02233,126.948329,37.390007,2.0,40.0,0.462,0.862,0.862
G02207,126.918929,37.390007,3.0,60.0,0.261,0.861,0.861
G04323,126.917798,37.416134,1.0,20.0,0.6607,0.8607,0.8607
G03058,126.973207,37.399917,1.0,20.0,0.6606,0.8606,0.8606
G02292,126.932498,37.390908,3.0,60.0,0.2575,0.8575,0.8575
G03334,126.955114,37.403521,1.0,20.0,0.6575,0.8575,0.8575
G02932,126.913275,37.399016,1.0,20.0,0.6555,0.8555,0.8555
G01831,126.90649,37.385503,3.0,60.0,0.2534,0.8534,0.8534
G02176,126.966422,37.389107,1.0,20.0,0.6518,0.8518,0.8518
G02474,126.973207,37.39271,1.0,20.0,0.6509,0.8509,0.8509
G03034,126.946068,37.399917,2.0,40.0,0.4475,0.8475,0.8475
G02172,126.961899,37.389107,1.0,20.0,0.6442,0.8442,0.8442
G03731,126.908752,37.408926,3.0,60.0,0.2436,0.8436,0.8436
G03188,126.955114,37.401719,1.0,20.0,0.6423,0.8423,0.8423
G03732,126.909883,37.408926,2.0,40.0,0.4403,0.8403,0.8403
G02765,126.972076,37.396314,1.0,20.0,0.6391,0.8391,0.8391
G02936,126.917798,37.399016,3.0,60.0,0.2383,0.8383,0.8383
G02143,126.929106,37.389107,2.0,40.0,0.4374,0.8374,0.8374
G02581,126.929106,37.394512,3.0,60.0,0.2327,0.8327,0.8327
G02071,126.930237,37.388206,1.0,20.0,0.6326,0.8326,0.8326
G01781,126.932498,37.384602,2.0,40.0,0.4297,0.8297,0.8297
G03124,126.965291,37.400818,2.0,40.0,0.4274,0.8274,0.8274
G03861,126.973207,37.409827,1.0,20.0,0.6261,0.8261,0.8261
G03059,126.974338,37.399917,1.0,20.0,0.6259,0.8259,0.8259
G03267,126.961899,37.40262,1.0,20.0,0.6248,0.8248,0.8248
G02283,126.922321,37.390908,2.0,40.0,0.422,0.822,0.822
G02651,126.925714,37.395413,1.0,20.0,0.6203,0.8203,0.8203
G01854,126.932498,37.385503,1.0,20.0,0.6156,0.8156,0.8156
G02341,126.905359,37.391809,2.0,40.0,0.4153,0.8153,0.8153
G00846,126.948329,37.37289,2.0,40.0,0.4127,0.8127,0.8127
G02318,126.961899,37.390908,2.0,40.0,0.4116,0.8116,0.8116
G04395,126.916667,37.417035,3.0,60.0,0.211,0.811,0.811
G02959,126.943806,37.399016,1.0,20.0,0.6102,0.8102,0.8102
G03481,126.956245,37.405323,1.0,20.0,0.6094,0.8094,0.8094
G02159,126.947199,37.389107,4.0,100.0,0.0089,0.8089,0.8089
G03397,126.943806,37.404422,1.0,20.0,0.6081,0.8081,0.8081
G03085,126.92119,37.400818,2.0,40.0,0.4068,0.8068,0.8068
G04397,126.918929,37.417035,1.0,20.0,0.6042,0.8042,0.8042
G01705,126.929106,37.383701,2.0,40.0,0.4009,0.8009,0.8009
G02022,126.957376,37.387305,1.0,20.0,0.5955,0.7955,0.7955
G03005,126.913275,37.399917,2.0,40.0,0.3947,0.7947,0.7947
G03568,126.972076,37.406224,1.0,20.0,0.5946,0.7946,0.7946
G02715,126.915536,37.396314,3.0,60.0,0.1943,0.7943,0.7943
G02079,126.939283,37.388206,1.0,20.0,0.5893,0.7893,0.7893
G02934,126.915536,37.399016,1.0,20.0,0.5886,0.7886,0.7886
G01951,126.959637,37.386404,1.0,20.0,0.585,0.785,0.785
G01946,126.953983,37.386404,1.0,20.0,0.5845,0.7845,0.7845
G03167,126.931368,37.401719,1.0,20.0,0.5844,0.7844,0.7844
G02958,126.942675,37.399016,1.0,20.0,0.582,0.782,0.782
G01706,126.930237,37.383701,2.0,40.0,0.3817,0.7817,0.7817
G03130,126.972076,37.400818,2.0,40.0,0.3815,0.7815,0.7815
G01947,126.955114,37.386404,2.0,40.0,0.3797,0.7797,0.7797
G02327,126.972076,37.390908,1.0,20.0,0.5775,0.7775,0.7775
G04319,126.913275,37.416134,3.0,60.0,0.1749,0.7749,0.7749
G03451,126.922321,37.405323,3.0,60.0,0.1749,0.7749,0.7749
G02935,126.916667,37.399016,2.0,40.0,0.3735,0.7735,0.7735
G02203,126.914406,37.390007,3.0,60.0,0.173,0.773,0.773
G02933,126.914406,37.399016,1.0,20.0,0.5725,0.7725,0.7725
G03440,126.909883,37.405323,2.0,40.0,0.3721,0.7721,0.7721
G02479,126.978861,37.39271,3.0,60.0,0.1712,0.7712,0.7712
G02859,126.913275,37.398116,1.0,20.0,0.5683,0.7683,0.7683
G02148,126.93476,37.389107,2.0,40.0,0.3673,0.7673,0.7673
G03520,126.917798,37.406224,1.0,20.0,0.5638,0.7638,0.7638
G03547,126.948329,37.406224,3.0,60.0,0.1623,0.7623,0.7623
G01607,126.900836,37.3828,2.0,40.0,0.3593,0.7593,0.7593
G02370,126.938152,37.391809,1.0,20.0,0.5587,0.7587,0.7587
G02653,126.927975,37.395413,2.0,40.0,0.3587,0.7587,0.7587
G02618,126.970945,37.394512,2.0,40.0,0.3582,0.7582,0.7582
G03554,126.956245,37.406224,2.0,40.0,0.3569,0.7569,0.7569
G02981,126.968684,37.399016,1.0,20.0,0.5543,0.7543,0.7543
G03277,126.973207,37.40262,1.0,20.0,0.5528,0.7528,0.7528
G02885,126.942675,37.398116,1.0,20.0,0.5513,0.7513,0.7513
G03549,126.950591,37.406224,2.0,40.0,0.3486,0.7486,0.7486
G03469,126.942675,37.405323,2.0,40.0,0.3405,0.7405,0.7405
G01708,126.932498,37.383701,1.0,20.0,0.5394,0.7394,0.7394
G02210,126.922321,37.390007,3.0,60.0,0.1361,0.7361,0.7361
G02546,126.972076,37.393611,1.0,20.0,0.5353,0.7353,0.7353
G03035,126.947199,37.399917,2.0,40.0,0.3344,0.7344,0.7344
G02464,126.961899,37.39271,1.0,20.0,0.5334,0.7334,0.7334
G01422,126.939283,37.380098,2.0,40.0,0.3325,0.7325,0.7325
G03053,126.967553,37.399917,1.0,20.0,0.5321,0.7321,0.7321
G01707,126.931368,37.383701,1.0,20.0,0.532,0.732,0.732
G03665,126.916667,37.408025,3.0,60.0,0.1312,0.7312,0.7312
G03380,126.924583,37.404422,2.0,40.0,0.3312,0.7312,0.7312
G04102,126.915536,37.413431,1.0,20.0,0.5309,0.7309,0.7309
G03206,126.975468,37.401719,1.0,20.0,0.5306,0.7306,0.7306
G02952,126.935891,37.399016,1.0,20.0,0.5293,0.7293,0.7293
G02714,126.914406,37.396314,3.0,60.0,0.1292,0.7292,0.7292
G03349,126.972076,37.403521,1.0,20.0,0.5245,0.7245,0.7245
G02764,126.970945,37.396314,1.0,20.0,0.5216,0.7216,0.7216
G01350,126.940414,37.379197,3.0,60.0,0.1181,0.7181,0.7181
G02983,126.970945,37.399016,1.0,20.0,0.5177,0.7177,0.7177
G03590,126.914406,37.407125,1.0,20.0,0.5157,0.7157,0.7157
G02835,126.968684,37.397215,1.0,20.0,0.515,0.715,0.715
G02951,126.93476,37.399016,1.0,20.0,0.5148,0.7148,0.7148
G02097,126.959637,37.388206,1.0,20.0,0.5132,0.7132,0.7132
G01778,126.929106,37.384602,2.0,40.0,0.3119,0.7119,0.7119
G03403,126.950591,37.404422,1.0,20.0,0.5099,0.7099,0.7099
G02252,126.969814,37.390007,1.0,20.0,0.5081,0.7081,0.7081
G02510,126.931368,37.393611,3.0,60.0,0.1078,0.7078,0.7078
G03228,126.917798,37.40262,1.0,20.0,0.507,0.707,0.707
G03006,126.914406,37.399917,1.0,20.0,0.5019,0.7019,0.7019
G02173,126.96303,37.389107,1.0,20.0,0.501,0.701,0.701
G03249,126.941545,37.40262,3.0,60.0,0.0995,0.6995,0.6995
G02226,126.940414,37.390007,1.0,20.0,0.4991,0.6991,0.6991
G03060,126.975468,37.399917,1.0,20.0,0.4984,0.6984,0.6984
G04134,126.951722,37.413431,2.0,40.0,0.298,0.698,0.698
G03011,126.92006,37.399917,1.0,20.0,0.495,0.695,0.695
G02332,126.97773,37.390908,3.0,60.0,0.0948,0.6948,0.6948
G02953,126.937022,37.399016,1.0,20.0,0.4946,0.6946,0.6946
G02861,126.915536,37.398116,2.0,40.0,0.2939,0.6939,0.6939
G03078,126.913275,37.400818,1.0,20.0,0.4927,0.6927,0.6927
G04249,126.916667,37.415233,1.0,20.0,0.4905,0.6905,0.6905
G01277,126.940414,37.378296,2.0,40.0,0.2902,0.6902,0.6902
G03594,126.918929,37.407125,3.0,60.0,0.0887,0.6887,0.6887
G03657,126.907621,37.408025,3.0,60.0,0.0848,0.6848,0.6848
G03377,126.92119,37.404422,2.0,40.0,0.2845,0.6845,0.6845
G02126,126.909883,37.389107,2.0,40.0,0.2831,0.6831,0.6831
G02663,126.939283,37.395413,3.0,60.0,0.0804,0.6804,0.6804
G04469,126.917798,37.417935,3.0,60.0,0.0782,0.6782,0.6782
G03960,126.92006,37.411629,2.0,40.0,0.2745,0.6745,0.6745
G02763,126.969814,37.396314,1.0,20.0,0.473,0.673,0.673
G03587,126.911013,37.407125,2.0,40.0,0.2724,0.6724,0.6724
G02833,126.966422,37.397215,1.0,20.0,0.4723,0.6723,0.6723
G02939,126.92119,37.399016,1.0,20.0,0.4722,0.6722,0.6722
G02285,126.924583,37.390908,1.0,20.0,0.4703,0.6703,0.6703
G02735,126.938152,37.396314,1.0,20.0,0.467,0.667,0.667
G02231,126.946068,37.390007,3.0,60.0,0.0665,0.6665,0.6665
G03476,126.950591,37.405323,2.0,40.0,0.2629,0.6629,0.6629
G01560,126.930237,37.381899,1.0,20.0,0.4622,0.6622,0.6622
G02762,126.968684,37.396314,1.0,20.0,0.4615,0.6615,0.6615
G02976,126.96303,37.399016,3.0,60.0,0.0555,0.6555,0.6555
G03422,126.972076,37.404422,1.0,20.0,0.4534,0.6534,0.6534
G01926,126.931368,37.386404,1.0,20.0,0.4516,0.6516,0.6516
G03588,126.912144,37.407125,1.0,20.0,0.4506,0.6506,0.6506
G04106,126.92006,37.413431,2.0,40.0,0.2491,0.6491,0.6491
G02955,126.939283,37.399016,1.0,20.0,0.4482,0.6482,0.6482
G03107,126.946068,37.400818,2.0,40.0,0.2482,0.6482,0.6482
G02877,126.933629,37.398116,1.0,20.0,0.448,0.648,0.648
G03812,126.917798,37.409827,3.0,60.0,0.0479,0.6479,0.6479
G00990,126.946068,37.374692,3.0,60.0,0.0446,0.6446,0.6446
G03955,126.914406,37.411629,2.0,40.0,0.243,0.643,0.643
G02767,126.974338,37.396314,1.0,20.0,0.4417,0.6417,0.6417
G04079,126.972076,37.41253,1.0,20.0,0.4415,0.6415,0.6415
G02301,126.942675,37.390908,2.0,40.0,0.2405,0.6405,0.6405
G02731,126.933629,37.396314,3.0,60.0,0.0399,0.6399,0.6399
G03091,126.927975,37.400818,3.0,60.0,0.0396,0.6396,0.6396
G02471,126.969814,37.39271,1.0,20.0,0.4393,0.6393,0.6393
G03951,126.909883,37.411629,2.0,40.0,0.2391,0.6391,0.6391
G03598,126.923452,37.407125,1.0,20.0,0.4385,0.6385,0.6385
G03347,126.969814,37.403521,1.0,20.0,0.4376,0.6376,0.6376
G02954,126.938152,37.399016,1.0,20.0,0.437,0.637,0.637
G02543,126.968684,37.393611,1.0,20.0,0.4351,0.6351,0.6351
G02957,126.941545,37.399016,1.0,20.0,0.435,0.635,0.635
G06132,126.899705,37.438656,3.0,60.0,0.0347,0.6347,0.6347
G01996,126.927975,37.387305,1.0,20.0,0.4345,0.6345,0.6345
G03348,126.970945,37.403521,1.0,20.0,0.4344,0.6344,0.6344
G02788,126.915536,37.397215,2.0,40.0,0.2338,0.6338,0.6338
G02199,126.909883,37.390007,2.0,40.0,0.2333,0.6333,0.6333
G03802,126.90649,37.409827,2.0,40.0,0.2331,0.6331,0.6331
G02099,126.961899,37.388206,1.0,20.0,0.4312,0.6312,0.6312
G02540,126.965291,37.393611,1.0,20.0,0.4301,0.6301,0.6301
G02686,126.965291,37.395413,1.0,20.0,0.4295,0.6295,0.6295
G03642,126.973207,37.407125,1.0,20.0,0.4286,0.6286,0.6286
G03438,126.907621,37.405323,3.0,60.0,0.0261,0.6261,0.6261
G04246,126.913275,37.415233,3.0,60.0,0.0253,0.6253,0.6253
G01754,126.901967,37.384602,2.0,40.0,0.2236,0.6236,0.6236
G01787,126.939283,37.384602,2.0,40.0,0.2234,0.6234,0.6234
G03889,126.922321,37.410728,3.0,60.0,0.0231,0.6231,0.6231
G02481,126.981122,37.39271,3.0,60.0,0.0224,0.6224,0.6224
G02161,126.94946,37.389107,2.0,40.0,0.2221,0.6221,0.6221
G03330,126.950591,37.403521,1.0,20.0,0.4213,0.6213,0.6213
G04317,126.911013,37.416134,3.0,60.0,0.0206,0.6206,0.6206
G02103,126.966422,37.388206,1.0,20.0,0.4193,0.6193,0.6193
G02881,126.938152,37.398116,1.0,20.0,0.4189,0.6189,0.6189
G01948,126.956245,37.386404,1.0,20.0,0.417,0.617,0.617
G00991,126.947199,37.374692,3.0,60.0,0.0162,0.6162,0.6162
G03314,126.932498,37.403521,1.0,20.0,0.4134,0.6134,0.6134
G00337,126.950591,37.366584,3.0,60.0,0.0127,0.6127,0.6127
G02888,126.946068,37.398116,2.0,40.0,0.2116,0.6116,0.6116
G03378,126.922321,37.404422,2.0,40.0,0.2105,0.6105,0.6105
G02908,126.968684,37.398116,1.0,20.0,0.4071,0.6071,0.6071
G04390,126.911013,37.417035,3.0,60.0,0.0061,0.6061,0.6061
G03853,126.964161,37.409827,2.0,40.0,0.2046,0.6046,0.6046
G02971,126.957376,37.399016,1.0,20.0,0.404,0.604,0.604
G04099,126.912144,37.413431,3.0,60.0,0.0038,0.6038,0.6038
G03658,126.908752,37.408025,3.0,60.0,0.0035,0.6035,0.6035
G02693,126.973207,37.395413,2.0,40.0,0.1975,0.5975,0.5975
G01853,126.931368,37.385503,2.0,40.0,0.1974,0.5974,0.5974
G02886,126.943806,37.398116,1.0,20.0,0.3965,0.5965,0.5965
G02972,126.958507,37.399016,1.0,20.0,0.3964,0.5964,0.5964
G02300,126.941545,37.390908,2.0,40.0,0.1951,0.5951,0.5951
G02503,126.923452,37.393611,1.0,20.0,0.3921,0.5921,0.5921
G03398,126.944937,37.404422,1.0,20.0,0.3904,0.5904,0.5904
G02956,126.940414,37.399016,1.0,20.0,0.3896,0.5896,0.5896
G03270,126.965291,37.40262,1.0,20.0,0.3893,0.5893,0.5893
G01999,126.931368,37.387305,1.0,20.0,0.3889,0.5889,0.5889
G02689,126.968684,37.395413,1.0,20.0,0.3878,0.5878,0.5878
G02576,126.923452,37.394512,2.0,40.0,0.1876,0.5876,0.5876
G02024,126.959637,37.387305,1.0,20.0,0.3853,0.5853,0.5853
G02368,126.935891,37.391809,2.0,40.0,0.1851,0.5851,0.5851
G01950,126.958507,37.386404,2.0,40.0,0.1849,0.5849,0.5849
G02882,126.939283,37.398116,1.0,20.0,0.3843,0.5843,0.5843
G03396,126.942675,37.404422,2.0,40.0,0.1834,0.5834,0.5834
G02989,126.97773,37.399016,1.0,20.0,0.3811,0.5811,0.5811
G03461,126.933629,37.405323,1.0,20.0,0.3805,0.5805,0.5805
G01682,126.903098,37.383701,2.0,40.0,0.1803,0.5803,0.5803
G03112,126.951722,37.400818,2.0,40.0,0.1784,0.5784,0.5784
G02149,126.935891,37.389107,1.0,20.0,0.3763,0.5763,0.5763
G03108,126.947199,37.400818,1.0,20.0,0.3756,0.5756,0.5756
G02271,126.908752,37.390908,1.0,20.0,0.3738,0.5738,0.5738
G03444,126.914406,37.405323,1.0,20.0,0.3712,0.5712,0.5712
G03023,126.933629,37.399917,1.0,20.0,0.371,0.571,0.571
G02150,126.937022,37.389107,1.0,20.0,0.3708,0.5708,0.5708
G01952,126.960768,37.386404,1.0,20.0,0.369,0.569,0.569
G03160,126.923452,37.401719,2.0,40.0,0.164,0.564,0.564
G03884,126.916667,37.410728,2.0,40.0,0.1638,0.5638,0.5638
G02405,126.97773,37.391809,2.0,40.0,0.1617,0.5617,0.5617
G03471,126.944937,37.405323,2.0,40.0,0.1605,0.5605,0.5605
G02544,126.969814,37.393611,1.0,20.0,0.3592,0.5592,0.5592
G03159,126.922321,37.401719,1.0,20.0,0.3562,0.5562,0.5562
G00920,126.94946,37.373791,2.0,40.0,0.1545,0.5545,0.5545
G02342,126.90649,37.391809,1.0,20.0,0.3543,0.5543,0.5543
G02406,126.978861,37.391809,2.0,40.0,0.1523,0.5523,0.5523
G04322,126.916667,37.416134,1.0,20.0,0.351,0.551,0.551
G03189,126.956245,37.401719,2.0,40.0,0.1451,0.5451,0.5451
G02808,126.938152,37.397215,1.0,20.0,0.341,0.541,0.541
G03423,126.973207,37.404422,1.0,20.0,0.3396,0.5396,0.5396
G02986,126.974338,37.399016,1.0,20.0,0.3391,0.5391,0.5391
G01997,126.929106,37.387305,1.0,20.0,0.3367,0.5367,0.5367
G03079,126.914406,37.400818,1.0,20.0,0.3352,0.5352,0.5352
G01702,126.925714,37.383701,2.0,40.0,0.1338,0.5338,0.5338
G02687,126.966422,37.395413,1.0,20.0,0.3322,0.5322,0.5322
G02005,126.938152,37.387305,1.0,20.0,0.3308,0.5308,0.5308
G02841,126.975468,37.397215,1.0,20.0,0.3284,0.5284,0.5284
G00700,126.948329,37.371089,2.0,40.0,0.1276,0.5276,0.5276
G02834,126.967553,37.397215,1.0,20.0,0.3257,0.5257,0.5257
G02766,126.973207,37.396314,1.0,20.0,0.3245,0.5245,0.5245
G01785,126.937022,37.384602,2.0,40.0,0.1241,0.5241,0.5241
G03693,126.948329,37.408025,1.0,20.0,0.3225,0.5225,0.5225
G02367,126.93476,37.391809,2.0,40.0,0.1207,0.5207,0.5207
G02160,126.948329,37.389107,1.0,20.0,0.3185,0.5185,0.5185
G03881,126.913275,37.410728,2.0,40.0,0.1171,0.5171,0.5171
G03264,126.958507,37.40262,1.0,20.0,0.3168,0.5168,0.5168
G03768,126.950591,37.408926,1.0,20.0,0.3164,0.5164,0.5164
G02219,126.932498,37.390007,1.0,20.0,0.316,0.516,0.516
G02246,126.96303,37.390007,1.0,20.0,0.3144,0.5144,0.5144
G03127,126.968684,37.400818,1.0,20.0,0.3128,0.5128,0.5128
G02963,126.948329,37.399016,2.0,40.0,0.1099,0.5099,0.5099
G01830,126.905359,37.385503,2.0,40.0,0.1097,0.5097,0.5097
G03032,126.943806,37.399917,2.0,40.0,0.1097,0.5097,0.5097
G03544,126.944937,37.406224,2.0,40.0,0.1089,0.5089,0.5089
G03207,126.976599,37.401719,1.0,20.0,0.3089,0.5089,0.5089
G02794,126.922321,37.397215,1.0,20.0,0.3085,0.5085,0.5085
G02349,126.914406,37.391809,1.0,20.0,0.308,0.508,0.508
G02468,126.966422,37.39271,1.0,20.0,0.3074,0.5074,0.5074
G02619,126.972076,37.394512,1.0,20.0,0.3052,0.5052,0.5052
G04248,126.915536,37.415233,2.0,40.0,0.1038,0.5038,0.5038
G02395,126.966422,37.391809,1.0,20.0,0.3035,0.5035,0.5035
G02293,126.933629,37.390908,2.0,40.0,0.1029,0.5029,0.5029
G02355,126.92119,37.391809,2.0,40.0,0.1026,0.5026,0.5026
G03048,126.961899,37.399917,1.0,20.0,0.3019,0.5019,0.5019
G03305,126.922321,37.403521,2.0,40.0,0.0996,0.4996,0.4996
G02941,126.923452,37.399016,1.0,20.0,0.2985,0.4985,0.4985
G03688,126.942675,37.408025,2.0,40.0,0.0971,0.4971,0.4971
G02516,126.938152,37.393611,1.0,20.0,0.2955,0.4955,0.4955
G02722,126.923452,37.396314,1.0,20.0,0.293,0.493,0.493
G02328,126.973207,37.390908,1.0,20.0,0.2909,0.4909,0.4909
G03045,126.958507,37.399917,1.0,20.0,0.2899,0.4899,0.4899
G02276,126.914406,37.390908,1.0,20.0,0.2893,0.4893,0.4893
G02626,126.979992,37.394512,2.0,40.0,0.0893,0.4893,0.4893
G02761,126.967553,37.396314,1.0,20.0,0.2892,0.4892,0.4892
G03266,126.960768,37.40262,1.0,20.0,0.2885,0.4885,0.4885
G02467,126.965291,37.39271,1.0,20.0,0.2882,0.4882,0.4882
G03555,126.957376,37.406224,1.0,20.0,0.2873,0.4873,0.4873
G02565,126.911013,37.394512,2.0,40.0,0.0866,0.4866,0.4866
G02356,126.922321,37.391809,2.0,40.0,0.0829,0.4829,0.4829
G01713,126.938152,37.383701,1.0,20.0,0.2827,0.4827,0.4827
G01630,126.926844,37.3828,2.0,40.0,0.0825,0.4825,0.4825
G02339,126.903098,37.391809,2.0,40.0,0.0823,0.4823,0.4823
G02809,126.939283,37.397215,1.0,20.0,0.2813,0.4813,0.4813
G02440,126.93476,37.39271,2.0,40.0,0.0809,0.4809,0.4809
G01709,126.933629,37.383701,1.0,20.0,0.2751,0.4751,0.4751
G03158,126.92119,37.401719,1.0,20.0,0.2728,0.4728,0.4728
G03166,126.930237,37.401719,1.0,20.0,0.2712,0.4712,0.4712
G03879,126.911013,37.410728,1.0,20.0,0.2707,0.4707,0.4707
G03278,126.974338,37.40262,1.0,20.0,0.2703,0.4703,0.4703
G03407,126.955114,37.404422,1.0,20.0,0.2702,0.4702,0.4702
G02098,126.960768,37.388206,1.0,20.0,0.2696,0.4696,0.4696
G02412,126.903098,37.39271,2.0,40.0,0.0677,0.4677,0.4677
G02072,126.931368,37.388206,1.0,20.0,0.2671,0.4671,0.4671
G00699,126.947199,37.371089,2.0,40.0,0.0671,0.4671,0.4671
G03012,126.92119,37.399917,1.0,20.0,0.2669,0.4669,0.4669
G02860,126.914406,37.398116,1.0,20.0,0.2651,0.4651,0.4651
G01635,126.932498,37.3828,1.0,20.0,0.2641,0.4641,0.4641
G03272,126.967553,37.40262,2.0,40.0,0.0637,0.4637,0.4637
G02295,126.935891,37.390908,2.0,40.0,0.0628,0.4628,0.4628
G01998,126.930237,37.387305,1.0,20.0,0.2624,0.4624,0.4624
G03553,126.955114,37.406224,2.0,40.0,0.0622,0.4622,0.4622
G02320,126.964161,37.390908,1.0,20.0,0.2621,0.4621,0.4621
G02909,126.969814,37.398116,1.0,20.0,0.2614,0.4614,0.4614
G02880,126.937022,37.398116,1.0,20.0,0.2612,0.4612,0.4612
G03816,126.922321,37.409827,1.0,20.0,0.2601,0.4601,0.4601
G03062,126.97773,37.399917,1.0,20.0,0.2596,0.4596,0.4596
G02869,126.924583,37.398116,2.0,40.0,0.0592,0.4592,0.4592
G01493,126.937022,37.380998,1.0,20.0,0.2574,0.4574,0.4574
G02465,126.96303,37.39271,1.0,20.0,0.2573,0.4573,0.4573
G03010,126.918929,37.399917,2.0,40.0,0.0571,0.4571,0.4571
G03935,126.974338,37.410728,1.0,20.0,0.2561,0.4561,0.4561
G03126,126.967553,37.400818,1.0,20.0,0.2557,0.4557,0.4557
G01567,126.938152,37.381899,1.0,20.0,0.2546,0.4546,0.4546
G03111,126.950591,37.400818,2.0,40.0,0.0541,0.4541,0.4541
G03882,126.914406,37.410728,2.0,40.0,0.0531,0.4531,0.4531
G03450,126.92119,37.405323,2.0,40.0,0.0515,0.4515,0.4515
G03730,126.907621,37.408926,2.0,40.0,0.0509,0.4509,0.4509
G01929,126.93476,37.386404,1.0,20.0,0.2509,0.4509,0.4509
G02475,126.974338,37.39271,1.0,20.0,0.2501,0.4501,0.4501
G03038,126.950591,37.399917,2.0,40.0,0.05,0.45,0.45
G02445,126.940414,37.39271,2.0,40.0,0.0498,0.4498,0.4498
G02627,126.981122,37.394512,2.0,40.0,0.0498,0.4498,0.4498
G02813,126.943806,37.397215,2.0,40.0,0.0496,0.4496,0.4496
G03622,126.950591,37.407125,1.0,20.0,0.2478,0.4478,0.4478
G01561,126.931368,37.381899,1.0,20.0,0.2472,0.4472,0.4472
G03733,126.911013,37.408926,2.0,40.0,0.0417,0.4417,0.4417
G03468,126.941545,37.405323,2.0,40.0,0.0402,0.4402,0.4402
G03229,126.918929,37.40262,1.0,20.0,0.2394,0.4394,0.4394
G02871,126.926844,37.398116,2.0,40.0,0.0365,0.4365,0.4365
G02490,126.908752,37.393611,2.0,40.0,0.0352,0.4352,0.4352
G03009,126.917798,37.399917,2.0,40.0,0.0339,0.4339,0.4339
G01413,126.929106,37.380098,1.0,20.0,0.2295,0.4295,0.4295
G02866,126.92119,37.398116,1.0,20.0,0.2277,0.4277,0.4277
G04471,126.92006,37.417935,1.0,20.0,0.2275,0.4275,0.4275
G03051,126.965291,37.399917,1.0,20.0,0.2272,0.4272,0.4272
G02517,126.939283,37.393611,2.0,40.0,0.0259,0.4259,0.4259
G02007,126.940414,37.387305,1.0,20.0,0.2256,0.4256,0.4256
G02547,126.973207,37.393611,1.0,20.0,0.2251,0.4251,0.4251
G02660,126.935891,37.395413,2.0,40.0,0.0247,0.4247,0.4247
G02912,126.973207,37.398116,1.0,20.0,0.2241,0.4241,0.4241
G04031,126.917798,37.41253,1.0,20.0,0.2228,0.4228,0.4228
G03169,126.933629,37.401719,1.0,20.0,0.2225,0.4225,0.4225
G02541,126.966422,37.393611,1.0,20.0,0.2225,0.4225,0.4225
G05986,126.899705,37.436854,2.0,40.0,0.0224,0.4224,0.4224
G02916,126.97773,37.398116,1.0,20.0,0.2223,0.4223,0.4223
G02136,126.92119,37.389107,2.0,40.0,0.0217,0.4217,0.4217
G02422,126.914406,37.39271,1.0,20.0,0.2213,0.4213,0.4213
G02616,126.968684,37.394512,1.0,20.0,0.2206,0.4206,0.4206
G02947,126.930237,37.399016,2.0,40.0,0.018,0.418,0.418
G03016,126.925714,37.399917,2.0,40.0,0.0171,0.4171,0.4171
G03019,126.929106,37.399917,2.0,40.0,0.0158,0.4158,0.4158
G02177,126.967553,37.389107,1.0,20.0,0.2156,0.4156,0.4156
G03661,126.912144,37.408025,2.0,40.0,0.0156,0.4156,0.4156
G03379,126.923452,37.404422,2.0,40.0,0.015,0.415,0.415
G03114,126.953983,37.400818,1.0,20.0,0.2147,0.4147,0.4147
G01714,126.939283,37.383701,1.0,20.0,0.2146,0.4146,0.4146
G03265,126.959637,37.40262,1.0,20.0,0.2134,0.4134,0.4134
G03985,126.948329,37.411629,2.0,40.0,0.0129,0.4129,0.4129
G03190,126.957376,37.401719,1.0,20.0,0.2127,0.4127,0.4127
G02321,126.965291,37.390908,1.0,20.0,0.2103,0.4103,0.4103
G02275,126.913275,37.390908,1.0,20.0,0.2071,0.4071,0.4071
G03191,126.958507,37.401719,1.0,20.0,0.207,0.407,0.407
G04225,126.972076,37.414332,1.0,20.0,0.2062,0.4062,0.4062
G04006,126.972076,37.411629,1.0,20.0,0.2054,0.4054,0.4054
G03810,126.915536,37.409827,2.0,40.0,0.0046,0.4046,0.4046
G03351,126.974338,37.403521,1.0,20.0,0.2039,0.4039,0.4039
G03096,126.933629,37.400818,1.0,20.0,0.2034,0.4034,0.4034
G01759,126.907621,37.384602,2.0,40.0,0.0032,0.4032,0.4032
G06059,126.899705,37.437755,2.0,40.0,0.0019,0.4019,0.4019
G01347,126.937022,37.379197,1.0,20.0,0.2018,0.4018,0.4018
G01495,126.939283,37.380998,2.0,40.0,0.0012,0.4012,0.4012
G00410,126.950591,37.367485,2.0,40.0,0.0001,0.4001,0.4001
G01492,126.935891,37.380998,1.0,20.0,0.1994,0.3994,0.3994
G03389,126.93476,37.404422,1.0,20.0,0.1983,0.3983,0.3983
G04003,126.968684,37.411629,1.0,20.0,0.1982,0.3982,0.3982
G01874,126.955114,37.385503,1.0,20.0,0.1965,0.3965,0.3965
G02688,126.967553,37.395413,1.0,20.0,0.1956,0.3956,0.3956
G02100,126.96303,37.388206,1.0,20.0,0.1931,0.3931,0.3931
G03692,126.947199,37.408025,1.0,20.0,0.1908,0.3908,0.3908
G02840,126.974338,37.397215,1.0,20.0,0.1898,0.3898,0.3898
G03333,126.953983,37.403521,1.0,20.0,0.1873,0.3873,0.3873
G03957,126.916667,37.411629,1.0,20.0,0.1854,0.3854,0.3854
G01922,126.926844,37.386404,1.0,20.0,0.1852,0.3852,0.3852
G02876,126.932498,37.398116,1.0,20.0,0.1801,0.3801,0.3801
G03151,126.913275,37.401719,1.0,20.0,0.1791,0.3791,0.3791
G01925,126.930237,37.386404,1.0,20.0,0.1788,0.3788,0.3788
G02785,126.912144,37.397215,1.0,20.0,0.1777,0.3777,0.3777
G02125,126.908752,37.389107,1.0,20.0,0.1771,0.3771,0.3771
G04151,126.970945,37.413431,1.0,20.0,0.177,0.377,0.377
G01640,126.938152,37.3828,1.0,20.0,0.177,0.377,0.377
G02736,126.939283,37.396314,1.0,20.0,0.1762,0.3762,0.3762
G01856,126.93476,37.385503,1.0,20.0,0.1746,0.3746,0.3746
G01859,126.938152,37.385503,1.0,20.0,0.1702,0.3702,0.3702
G03988,126.951722,37.411629,1.0,20.0,0.1701,0.3701,0.3701
G03929,126.967553,37.410728,1.0,20.0,0.1698,0.3698,0.3698
G03056,126.970945,37.399917,1.0,20.0,0.1694,0.3694,0.3694
G03182,126.948329,37.401719,1.0,20.0,0.1686,0.3686,0.3686
G03350,126.973207,37.403521,1.0,20.0,0.1673,0.3673,0.3673
G02867,126.922321,37.398116,1.0,20.0,0.1672,0.3672,0.3672
G03327,126.947199,37.403521,1.0,20.0,0.1663,0.3663,0.3663
G03156,126.918929,37.401719,1.0,20.0,0.166,0.366,0.366
G02649,126.923452,37.395413,1.0,20.0,0.1658,0.3658,0.3658
G02437,126.931368,37.39271,1.0,20.0,0.1654,0.3654,0.3654
G02343,126.907621,37.391809,1.0,20.0,0.1643,0.3643,0.3643
G03589,126.913275,37.407125,1.0,20.0,0.1638,0.3638,0.3638
G02494,126.913275,37.393611,1.0,20.0,0.1635,0.3635,0.3635
G03135,126.97773,37.400818,1.0,20.0,0.1597,0.3597,0.3597
G03628,126.957376,37.407125,1.0,20.0,0.1596,0.3596,0.3596
G02254,126.972076,37.390007,1.0,20.0,0.1594,0.3594,0.3594
G03200,126.968684,37.401719,1.0,20.0,0.1564,0.3564,0.3564
G03113,126.952853,37.400818,1.0,20.0,0.1543,0.3543,0.3543
G02772,126.979992,37.396314,1.0,20.0,0.1539,0.3539,0.3539
G03271,126.966422,37.40262,1.0,20.0,0.1534,0.3534,0.3534
G03181,126.947199,37.401719,1.0,20.0,0.1513,0.3513,0.3513
G03118,126.958507,37.400818,1.0,20.0,0.1509,0.3509,0.3509
G03013,126.922321,37.399917,1.0,20.0,0.1496,0.3496,0.3496
G02542,126.967553,37.393611,1.0,20.0,0.1493,0.3493,0.3493
G02135,126.92006,37.389107,1.0,20.0,0.1483,0.3483,0.3483
G02000,126.932498,37.387305,1.0,20.0,0.1471,0.3471,0.3471
G01928,126.933629,37.386404,1.0,20.0,0.1466,0.3466,0.3466
G01486,126.929106,37.380998,1.0,20.0,0.1462,0.3462,0.3462
G02469,126.967553,37.39271,1.0,20.0,0.1458,0.3458,0.3458
G02786,126.913275,37.397215,1.0,20.0,0.1454,0.3454,0.3454
G02812,126.942675,37.397215,1.0,20.0,0.1441,0.3441,0.3441
G02985,126.973207,37.399016,1.0,20.0,0.1435,0.3435,0.3435
G03230,126.92006,37.40262,1.0,20.0,0.141,0.341,0.341
G03814,126.92006,37.409827,1.0,20.0,0.1377,0.3377,0.3377
G02836,126.969814,37.397215,1.0,20.0,0.1377,0.3377,0.3377
G02443,126.938152,37.39271,1.0,20.0,0.1368,0.3368,0.3368
G02940,126.922321,37.399016,1.0,20.0,0.135,0.335,0.335
G01855,126.933629,37.385503,1.0,20.0,0.1346,0.3346,0.3346
G03954,126.913275,37.411629,1.0,20.0,0.1345,0.3345,0.3345
G02768,126.975468,37.396314,1.0,20.0,0.1342,0.3342,0.3342
G03534,126.933629,37.406224,1.0,20.0,0.1331,0.3331,0.3331
G03789,126.974338,37.408926,1.0,20.0,0.1323,0.3323,0.3323
G02662,126.938152,37.395413,1.0,20.0,0.1282,0.3282,0.3282
G02319,126.96303,37.390908,1.0,20.0,0.1279,0.3279,0.3279
G03046,126.959637,37.399917,1.0,20.0,0.1255,0.3255,0.3255
G02771,126.978861,37.396314,1.0,20.0,0.1248,0.3248,0.3248
G03592,126.916667,37.407125,1.0,20.0,0.1234,0.3234,0.3234
G03243,126.93476,37.40262,1.0,20.0,0.1216,0.3216,0.3216
G01924,126.929106,37.386404,1.0,20.0,0.12,0.32,0.32
G02810,126.940414,37.397215,1.0,20.0,0.1179,0.3179,0.3179
G02025,126.960768,37.387305,1.0,20.0,0.1175,0.3175,0.3175
G00993,126.94946,37.374692,1.0,20.0,0.115,0.315,0.315
G04324,126.918929,37.416134,1.0,20.0,0.1125,0.3125,0.3125
G02392,126.96303,37.391809,1.0,20.0,0.1122,0.3122,0.3122
G02661,126.937022,37.395413,1.0,20.0,0.1116,0.3116,0.3116
G02868,126.923452,37.398116,1.0,20.0,0.1115,0.3115,0.3115
G02839,126.973207,37.397215,1.0,20.0,0.111,0.311,0.311
G02738,126.941545,37.396314,1.0,20.0,0.1107,0.3107,0.3107
G01875,126.956245,37.385503,1.0,20.0,0.1098,0.3098,0.3098
G02220,126.933629,37.390007,1.0,20.0,0.1097,0.3097,0.3097
G02883,126.940414,37.398116,1.0,20.0,0.1076,0.3076,0.3076
G02906,126.966422,37.398116,1.0,20.0,0.1057,0.3057,0.3057
G02613,126.965291,37.394512,1.0,20.0,0.1056,0.3056,0.3056
G04179,126.92006,37.414332,1.0,20.0,0.1053,0.3053,0.3053
G04251,126.918929,37.415233,1.0,20.0,0.1041,0.3041,0.3041
G03197,126.965291,37.401719,1.0,20.0,0.1007,0.3007,0.3007
G02198,126.908752,37.390007,1.0,20.0,0.1,0.3,0.3
G01995,126.926844,37.387305,1.0,20.0,0.0979,0.2979,0.2979
G02023,126.958507,37.387305,1.0,20.0,0.0976,0.2976,0.2976
G02068,126.926844,37.388206,1.0,20.0,0.0975,0.2975,0.2975
G04078,126.970945,37.41253,1.0,20.0,0.0973,0.2973,0.2973
G02845,126.979992,37.397215,1.0,20.0,0.0935,0.2935,0.2935
G01205,126.941545,37.377395,1.0,20.0,0.0932,0.2932,0.2932
G02221,126.93476,37.390007,1.0,20.0,0.093,0.293,0.293
G02548,126.974338,37.393611,1.0,20.0,0.0911,0.2911,0.2911
G02988,126.976599,37.399016,1.0,20.0,0.0893,0.2893,0.2893
G03387,126.932498,37.404422,1.0,20.0,0.0892,0.2892,0.2892
G02102,126.965291,37.388206,1.0,20.0,0.0892,0.2892,0.2892
G02145,126.931368,37.389107,1.0,20.0,0.0848,0.2848,0.2848
G02180,126.970945,37.389107,1.0,20.0,0.0845,0.2845,0.2845
G03886,126.918929,37.410728,1.0,20.0,0.0841,0.2841,0.2841
G01945,126.952853,37.386404,1.0,20.0,0.0836,0.2836,0.2836
G03195,126.96303,37.401719,1.0,20.0,0.0833,0.2833,0.2833
G02002,126.93476,37.387305,1.0,20.0,0.0829,0.2829,0.2829
G03332,126.952853,37.403521,1.0,20.0,0.0822,0.2822,0.2822
G03934,126.973207,37.410728,1.0,20.0,0.0808,0.2808,0.2808
G02495,126.914406,37.393611,1.0,20.0,0.0803,0.2803,0.2803
G02222,126.935891,37.390007,1.0,20.0,0.0803,0.2803,0.2803
G02001,126.933629,37.387305,1.0,20.0,0.0792,0.2792,0.2792
G02076,126.935891,37.388206,1.0,20.0,0.0787,0.2787,0.2787
G01860,126.939283,37.385503,1.0,20.0,0.0785,0.2785,0.2785
G02466,126.964161,37.39271,1.0,20.0,0.0764,0.2764,0.2764
G02397,126.968684,37.391809,1.0,20.0,0.073,0.273,0.273
G03480,126.955114,37.405323,1.0,20.0,0.0712,0.2712,0.2712
G02400,126.972076,37.391809,1.0,20.0,0.0701,0.2701,0.2701
G03424,126.974338,37.404422,1.0,20.0,0.0696,0.2696,0.2696
G03316,126.93476,37.403521,1.0,20.0,0.0693,0.2693,0.2693
G02393,126.964161,37.391809,1.0,20.0,0.0681,0.2681,0.2681
G02795,126.923452,37.397215,1.0,20.0,0.068,0.268,0.268
G03240,126.931368,37.40262,1.0,20.0,0.0665,0.2665,0.2665
G03366,126.908752,37.404422,1.0,20.0,0.0661,0.2661,0.2661
G03462,126.93476,37.405323,1.0,20.0,0.0659,0.2659,0.2659
G02567,126.913275,37.394512,1.0,20.0,0.0641,0.2641,0.2641
G00054,126.960768,37.36298,1.0,20.0,0.0637,0.2637,0.2637
G02414,126.905359,37.39271,1.0,20.0,0.0632,0.2632,0.2632
G02515,126.937022,37.393611,1.0,20.0,0.0626,0.2626,0.2626
G00338,126.951722,37.366584,1.0,20.0,0.0625,0.2625,0.2625
G01494,126.938152,37.380998,1.0,20.0,0.0613,0.2613,0.2613
G02430,126.923452,37.39271,1.0,20.0,0.0606,0.2606,0.2606
G01782,126.933629,37.384602,1.0,20.0,0.0601,0.2601,0.2601
G03300,126.916667,37.403521,1.0,20.0,0.0597,0.2597,0.2597
G02961,126.946068,37.399016,1.0,20.0,0.0594,0.2594,0.2594
G02979,126.966422,37.399016,1.0,20.0,0.0589,0.2589,0.2589
G01633,126.930237,37.3828,1.0,20.0,0.0576,0.2576,0.2576
G03088,126.924583,37.400818,1.0,20.0,0.0566,0.2566,0.2566
G03123,126.964161,37.400818,1.0,20.0,0.0561,0.2561,0.2561
G04023,126.908752,37.41253,1.0,20.0,0.055,0.255,0.255
G02832,126.965291,37.397215,1.0,20.0,0.0549,0.2549,0.2549
G03803,126.907621,37.409827,1.0,20.0,0.0545,0.2545,0.2545
G03224,126.913275,37.40262,1.0,20.0,0.0529,0.2529,0.2529
G03084,126.92006,37.400818,1.0,20.0,0.0525,0.2525,0.2525
G03237,126.927975,37.40262,1.0,20.0,0.0519,0.2519,0.2519
G02864,126.918929,37.398116,1.0,20.0,0.0517,0.2517,0.2517
G03007,126.915536,37.399917,1.0,20.0,0.0516,0.2516,0.2516
G02003,126.935891,37.387305,1.0,20.0,0.0501,0.2501,0.2501
G03546,126.947199,37.406224,1.0,20.0,0.0464,0.2464,0.2464
G03695,126.950591,37.408025,1.0,20.0,0.0437,0.2437,0.2437
G02298,126.939283,37.390908,1.0,20.0,0.0436,0.2436,0.2436
G01932,126.938152,37.386404,1.0,20.0,0.0428,0.2428,0.2428
G03617,126.944937,37.407125,1.0,20.0,0.0428,0.2428,0.2428
G01566,126.937022,37.381899,1.0,20.0,0.0403,0.2403,0.2403
G01641,126.939283,37.3828,1.0,20.0,0.0399,0.2399,0.2399
G01565,126.935891,37.381899,1.0,20.0,0.0398,0.2398,0.2398
G02089,126.950591,37.388206,1.0,20.0,0.0394,0.2394,0.2394
G01275,126.938152,37.378296,1.0,20.0,0.0392,0.2392,0.2392
G03178,126.943806,37.401719,1.0,20.0,0.0383,0.2383,0.2383
G03227,126.916667,37.40262,1.0,20.0,0.0379,0.2379,0.2379
G02090,126.951722,37.388206,1.0,20.0,0.0365,0.2365,0.2365
G01488,126.931368,37.380998,1.0,20.0,0.0362,0.2362,0.2362
G04032,126.918929,37.41253,1.0,20.0,0.0354,0.2354,0.2354
G01873,126.953983,37.385503,1.0,20.0,0.0338,0.2338,0.2338
G02144,126.930237,37.389107,1.0,20.0,0.0322,0.2322,0.2322
G01775,126.925714,37.384602,1.0,20.0,0.0316,0.2316,0.2316
G02229,126.943806,37.390007,1.0,20.0,0.0291,0.2291,0.2291
G03119,126.959637,37.400818,1.0,20.0,0.029,0.229,0.229
G03656,126.90649,37.408025,1.0,20.0,0.0278,0.2278,0.2278
G02101,126.964161,37.388206,1.0,20.0,0.027,0.227,0.227
G00198,126.958507,37.364782,1.0,20.0,0.0269,0.2269,0.2269
G02656,126.931368,37.395413,1.0,20.0,0.0269,0.2269,0.2269
G03372,126.915536,37.404422,1.0,20.0,0.026,0.226,0.226
G03569,126.973207,37.406224,1.0,20.0,0.0256,0.2256,0.2256
G03526,126.924583,37.406224,1.0,20.0,0.0255,0.2255,0.2255
G00126,126.959637,37.363881,1.0,20.0,0.0254,0.2254,0.2254
G02142,126.927975,37.389107,1.0,20.0,0.0241,0.2241,0.2241
G03275,126.970945,37.40262,1.0,20.0,0.0241,0.2241,0.2241
G02436,126.930237,37.39271,1.0,20.0,0.0236,0.2236,0.2236
G03273,126.968684,37.40262,1.0,20.0,0.0225,0.2225,0.2225
G03671,126.923452,37.408025,1.0,20.0,0.0211,0.2211,0.2211
G01876,126.957376,37.385503,1.0,20.0,0.0208,0.2208,0.2208
G03667,126.918929,37.408025,1.0,20.0,0.0207,0.2207,0.2207
G03927,126.965291,37.410728,1.0,20.0,0.0206,0.2206,0.2206
G02416,126.907621,37.39271,1.0,20.0,0.0203,0.2203,0.2203
G02586,126.93476,37.394512,1.0,20.0,0.0194,0.2194,0.2194
G03660,126.911013,37.408025,1.0,20.0,0.0191,0.2191,0.2191
G02394,126.965291,37.391809,1.0,20.0,0.0182,0.2182,0.2182
G03208,126.97773,37.401719,1.0,20.0,0.0178,0.2178,0.2178
G03276,126.972076,37.40262,1.0,20.0,0.0174,0.2174,0.2174
G00773,126.948329,37.371989,1.0,20.0,0.0167,0.2167,0.2167
G02249,126.966422,37.390007,1.0,20.0,0.0165,0.2165,0.2165
G03121,126.961899,37.400818,1.0,20.0,0.016,0.216,0.216
G02322,126.966422,37.390908,1.0,20.0,0.0148,0.2148,0.2148
G00847,126.94946,37.37289,1.0,20.0,0.0147,0.2147,0.2147
G01680,126.900836,37.383701,1.0,20.0,0.0146,0.2146,0.2146
G05913,126.899705,37.435953,1.0,20.0,0.0141,0.2141,0.2141
G01204,126.940414,37.377395,1.0,20.0,0.0133,0.2133,0.2133
G02006,126.939283,37.387305,1.0,20.0,0.0121,0.2121,0.2121
G03591,126.915536,37.407125,1.0,20.0,0.0119,0.2119,0.2119
G02690,126.969814,37.395413,1.0,20.0,0.0118,0.2118,0.2118
G02796,126.924583,37.397215,1.0,20.0,0.0116,0.2116,0.2116
G03948,126.90649,37.411629,1.0,20.0,0.0114,0.2114,0.2114
G03689,126.943806,37.408025,1.0,20.0,0.0103,0.2103,0.2103
G01278,126.941545,37.378296,1.0,20.0,0.0096,0.2096,0.2096
G02554,126.981122,37.393611,1.0,20.0,0.0093,0.2093,0.2093
G02505,126.925714,37.393611,1.0,20.0,0.0091,0.2091,0.2091
G03716,126.974338,37.408025,1.0,20.0,0.0089,0.2089,0.2089
G02803,126.932498,37.397215,1.0,20.0,0.0086,0.2086,0.2086
G00125,126.958507,37.363881,1.0,20.0,0.0083,0.2083,0.2083
G00412,126.952853,37.367485,1.0,20.0,0.008,0.208,0.208
G02620,126.973207,37.394512,1.0,20.0,0.008,0.208,0.208
G02863,126.917798,37.398116,1.0,20.0,0.0076,0.2076,0.2076
G04544,126.92006,37.418836,1.0,20.0,0.0074,0.2074,0.2074
G02255,126.973207,37.390007,1.0,20.0,0.0071,0.2071,0.2071
G03406,126.953983,37.404422,1.0,20.0,0.0069,0.2069,0.2069
G02913,126.974338,37.398116,1.0,20.0,0.0064,0.2064,0.2064
G03496,126.973207,37.405323,1.0,20.0,0.0062,0.2062,0.2062
G04024,126.909883,37.41253,1.0,20.0,0.0062,0.2062,0.2062
G01534,126.900836,37.381899,1.0,20.0,0.0053,0.2053,0.2053
G02937,126.918929,37.399016,1.0,20.0,0.0053,0.2053,0.2053
G01852,126.930237,37.385503,1.0,20.0,0.0049,0.2049,0.2049
G02324,126.968684,37.390908,1.0,20.0,0.0047,0.2047,0.2047
G01753,126.900836,37.384602,1.0,20.0,0.0046,0.2046,0.2046
G02371,126.939283,37.391809,1.0,20.0,0.0041,0.2041,0.2041
G03194,126.961899,37.401719,1.0,20.0,0.0038,0.2038,0.2038
G02202,126.913275,37.390007,1.0,20.0,0.0038,0.2038,0.2038
G03201,126.969814,37.401719,1.0,20.0,0.0037,0.2037,0.2037
G03928,126.966422,37.410728,1.0,20.0,0.0036,0.2036,0.2036
G02004,126.937022,37.387305,1.0,20.0,0.0035,0.2035,0.2035
G03371,126.914406,37.404422,1.0,20.0,0.0034,0.2034,0.2034
G02737,126.940414,37.396314,1.0,20.0,0.0034,0.2034,0.2034
G02938,126.92006,37.399016,1.0,20.0,0.0031,0.2031,0.2031
G03177,126.942675,37.401719,1.0,20.0,0.003,0.203,0.203
G02146,126.932498,37.389107,1.0,20.0,0.0028,0.2028,0.2028
G02073,126.932498,37.388206,1.0,20.0,0.0028,0.2028,0.2028
G00411,126.951722,37.367485,1.0,20.0,0.0027,0.2027,0.2027
G01861,126.940414,37.385503,1.0,20.0,0.0024,0.2024,0.2024
G02419,126.911013,37.39271,1.0,20.0,0.0023,0.2023,0.2023
G02280,126.918929,37.390908,1.0,20.0,0.0023,0.2023,0.2023
G04321,126.915536,37.416134,1.0,20.0,0.0021,0.2021,0.2021
G04206,126.950591,37.414332,1.0,20.0,0.0021,0.2021,0.2021
G03399,126.946068,37.404422,1.0,20.0,0.002,0.202,0.202
G02691,126.970945,37.395413,1.0,20.0,0.002,0.202,0.202
G01639,126.937022,37.3828,1.0,20.0,0.002,0.202,0.202
G01879,126.960768,37.385503,1.0,20.0,0.0018,0.2018,0.2018
G03777,126.960768,37.408926,1.0,20.0,0.0018,0.2018,0.2018
G02617,126.969814,37.394512,1.0,20.0,0.0018,0.2018,0.2018
G02884,126.941545,37.398116,1.0,20.0,0.0017,0.2017,0.2017
G02858,126.912144,37.398116,1.0,20.0,0.0016,0.2016,0.2016
G03813,126.918929,37.409827,1.0,20.0,0.0014,0.2014,0.2014
G02331,126.976599,37.390908,1.0,20.0,0.0014,0.2014,0.2014
G02067,126.925714,37.388206,1.0,20.0,0.0013,0.2013,0.2013
G03737,126.915536,37.408926,1.0,20.0,0.001,0.201,0.201
G00339,126.952853,37.366584,1.0,20.0,0.0006,0.2006,0.2006
G02284,126.923452,37.390908,1.0,20.0,0.0006,0.2006,0.2006
G02052,126.908752,37.388206,1.0,20.0,0.0004,0.2004,0.2004
G01636,126.933629,37.3828,1.0,20.0,0.0003,0.2003,0.2003
G03155,126.917798,37.401719,1.0,20.0,0.0003,0.2003,0.2003
G03915,126.951722,37.410728,1.0,20.0,0.0002,0.2002,0.2002
G02721,126.922321,37.396314,1.0,20.0,0.0001,0.2001,0.2001
G02369,126.937022,37.391809,1.0,20.0,0.0001,0.2001,0.2001
G01788,126.940414,37.384602,1.0,20.0,0.0001,0.2001,0.2001
G02415,126.90649,37.39271,1.0,20.0,0.0001,0.2001,0.2001
G03057,126.972076,37.399917,1.0,20.0,0.0001,0.2001,0.2001
G03196,126.964161,37.401719,1.0,20.0,0.0,0.2,0.2
G03627,126.956245,37.407125,1.0,20.0,0.0,0.2,0.2
G03050,126.964161,37.399917,1.0,20.0,0.0,0.2,0.2
G02391,126.961899,37.391809,1.0,20.0,0.0,0.2,0.2
G02432,126.925714,37.39271,1.0,20.0,0.0,0.2,0.2
G01351,126.941545,37.379197,1.0,20.0,0.0,0.2,0.2
G04224,126.970945,37.414332,1.0,20.0,0.0,0.2,0.2
G02578,126.925714,37.394512,1.0,20.0,0.0,0.2,0.2
G03739,126.917798,37.408926,1.0,20.0,0.0,0.2,0.2
G02134,126.918929,37.389107,1.0,20.0,0.0,0.2,0.2
